-- phpMyAdmin SQL Dump
-- version 5.2.1
-- https://www.phpmyadmin.net/
--
-- Host: 127.0.0.1
-- Generation Time: Dec 21, 2025 at 05:49 PM
-- Server version: 10.4.32-MariaDB
-- PHP Version: 8.2.12

SET SQL_MODE = "NO_AUTO_VALUE_ON_ZERO";
START TRANSACTION;
SET time_zone = "+00:00";


/*!40101 SET @OLD_CHARACTER_SET_CLIENT=@@CHARACTER_SET_CLIENT */;
/*!40101 SET @OLD_CHARACTER_SET_RESULTS=@@CHARACTER_SET_RESULTS */;
/*!40101 SET @OLD_COLLATION_CONNECTION=@@COLLATION_CONNECTION */;
/*!40101 SET NAMES utf8mb4 */;

--
-- Database: `coffee`
--

-- --------------------------------------------------------

--
-- Table structure for table `categories`
--

CREATE TABLE `categories` (
  `id` int(11) NOT NULL,
  `name` varchar(255) NOT NULL
) ENGINE=InnoDB DEFAULT CHARSET=utf8mb4 COLLATE=utf8mb4_general_ci;

--
-- Dumping data for table `categories`
--

INSERT INTO `categories` (`id`, `name`) VALUES
(1, 'Đồ uống'),
(2, 'Đồ ăn');

-- --------------------------------------------------------

--
-- Table structure for table `ingredients`
--

CREATE TABLE `ingredients` (
  `id` int(11) NOT NULL,
  `name` varchar(100) NOT NULL,
  `unit` varchar(20) NOT NULL,
  `quantity` float DEFAULT 0,
  `min_quantity` float DEFAULT 10,
  `last_updated` timestamp NOT NULL DEFAULT current_timestamp() ON UPDATE current_timestamp()
) ENGINE=InnoDB DEFAULT CHARSET=utf8mb4 COLLATE=utf8mb4_general_ci;

--
-- Dumping data for table `ingredients`
--

INSERT INTO `ingredients` (`id`, `name`, `unit`, `quantity`, `min_quantity`, `last_updated`) VALUES
(1, 'Hạt Cà phê', 'g', 5340, 500, '2025-12-21 05:12:26'),
(2, 'Sữa tươi', 'ml', 98100, 200, '2025-12-21 15:37:36'),
(3, 'Trà túi lọc (Đào)', 'túi', 1984, 10, '2025-12-21 08:39:16'),
(4, 'Cam tươi', 'quả', 19931.5, 20, '2025-12-21 15:46:24'),
(5, 'Bơ sáp', 'g', 16200, 500, '2025-12-21 15:36:59'),
(6, 'Bột mì', 'g', 49900, 1000, '2025-12-21 15:37:36'),
(7, 'Chocolate', 'g', 20020, 300, '2025-12-21 05:05:13'),
(8, 'Khoai tây đông lạnh', 'g', 14978, 1000, '2025-12-21 05:15:32'),
(9, 'Bánh mì ổ', 'ổ', 436, 10, '2025-12-21 16:25:38'),
(10, 'Bơ lạt', 'g', 4343430, 200, '2025-12-21 08:53:08'),
(11, 'Tỏi', 'g', 50100, 50, '2025-12-21 15:46:55'),
(12, 'Lá Parsley khô', 'g', 5060, 10, '2025-12-21 15:25:43'),
(13, 'Sữa đặc', 'ml', 600, 100, '2025-12-21 16:01:42');

-- --------------------------------------------------------

--
-- Table structure for table `inventory_log`
--

CREATE TABLE `inventory_log` (
  `id` int(11) NOT NULL,
  `ingredient_id` int(11) DEFAULT NULL,
  `type` enum('import','export') NOT NULL,
  `quantity` float NOT NULL,
  `cost` decimal(15,0) DEFAULT 0 COMMENT 'Tổng tiền nhập hàng',
  `note` text DEFAULT NULL,
  `created_at` timestamp NOT NULL DEFAULT current_timestamp(),
  `user_id` int(11) DEFAULT NULL
) ENGINE=InnoDB DEFAULT CHARSET=utf8mb4 COLLATE=utf8mb4_general_ci;

--
-- Dumping data for table `inventory_log`
--

INSERT INTO `inventory_log` (`id`, `ingredient_id`, `type`, `quantity`, `cost`, `note`, `created_at`, `user_id`) VALUES
(1, 8, 'export', 200, 0, 'Bán đơn hàng #50', '2025-12-19 16:10:40', 1),
(2, 4, 'export', 2, 0, 'Bán đơn hàng #51', '2025-12-19 16:11:05', 1),
(3, 3, 'export', 1, 0, 'Bán đơn hàng #51', '2025-12-19 16:11:05', 1),
(4, 4, 'export', 0.5, 0, 'Bán đơn hàng #51', '2025-12-19 16:11:05', 1),
(5, 4, 'export', 2, 0, 'Bán đơn hàng #52', '2025-12-19 16:11:38', 1),
(6, 3, 'export', 1, 0, 'Bán đơn hàng #53', '2025-12-19 16:11:53', 1),
(7, 4, 'export', 0.5, 0, 'Bán đơn hàng #53', '2025-12-19 16:11:53', 1),
(8, 3, 'import', 5, 0, 'Cozy', '2025-12-20 12:51:02', 3),
(9, 4, 'import', 20, 0, 'Chợ trời', '2025-12-20 12:51:47', 3),
(10, 5, 'export', 3000, 0, 'Bán đơn hàng #54', '2025-12-20 13:42:45', 1),
(11, 2, 'export', 750, 0, 'Bán đơn hàng #54', '2025-12-20 13:42:45', 1),
(12, 6, 'export', 1250, 0, 'Bán đơn hàng #55', '2025-12-20 13:44:40', 1),
(13, 2, 'export', 1250, 0, 'Bán đơn hàng #55', '2025-12-20 13:44:40', 1),
(14, 1, 'export', 500, 0, 'Bán đơn hàng #55', '2025-12-20 13:44:40', 1),
(15, 2, 'import', 50, 0, 'Vinamilk', '2025-12-20 13:51:10', 1),
(16, 5, 'import', 200, 0, '', '2025-12-20 14:16:55', 1),
(17, 5, 'import', 200, 0, '', '2025-12-20 14:17:11', 1),
(18, 5, 'import', 2000, 0, '', '2025-12-20 14:19:13', 1),
(19, 2, 'import', 4000, 0, '', '2025-12-20 14:19:19', 1),
(20, 3, 'import', 20, 50000, 'Cozy', '2025-12-20 14:25:12', 1),
(21, 6, 'export', 50, 0, 'Bán đơn hàng #56', '2025-12-20 16:59:59', 1),
(22, 2, 'export', 100, 0, 'Bán đơn hàng #56', '2025-12-20 16:59:59', 1),
(23, 5, 'export', 400, 0, 'Bán đơn hàng #56', '2025-12-20 16:59:59', 1),
(24, 2, 'export', 100, 0, 'Bán đơn hàng #56', '2025-12-20 16:59:59', 1),
(25, 6, 'export', 300, 0, 'Bán đơn hàng #57', '2025-12-20 17:02:04', 1),
(26, 2, 'export', 600, 0, 'Bán đơn hàng #57', '2025-12-20 17:02:04', 1),
(27, 5, 'export', 200, 0, 'Bán đơn hàng #57', '2025-12-20 17:02:04', 1),
(28, 2, 'export', 50, 0, 'Bán đơn hàng #57', '2025-12-20 17:02:04', 1),
(29, 6, 'export', 50, 0, 'Bán đơn hàng #58', '2025-12-20 17:02:13', 1),
(30, 2, 'export', 50, 0, 'Bán đơn hàng #58', '2025-12-20 17:02:13', 1),
(31, 1, 'export', 20, 0, 'Bán đơn hàng #58', '2025-12-20 17:02:13', 1),
(32, 8, 'export', 400, 0, 'Bán đơn hàng #58', '2025-12-20 17:02:13', 1),
(33, 6, 'export', 150, 0, 'Bán đơn hàng #59', '2025-12-20 17:03:22', 1),
(34, 2, 'export', 300, 0, 'Bán đơn hàng #59', '2025-12-20 17:03:22', 1),
(35, 5, 'export', 1800, 0, 'Bán đơn hàng #60', '2025-12-20 17:04:33', 1),
(36, 2, 'export', 450, 0, 'Bán đơn hàng #60', '2025-12-20 17:04:33', 1),
(37, 6, 'export', 1200, 0, 'Bán đơn hàng #63', '2025-12-20 17:06:03', 1),
(38, 2, 'export', 2400, 0, 'Bán đơn hàng #63', '2025-12-20 17:06:03', 1),
(39, 3, 'export', 73, 0, 'Bán đơn hàng #64', '2025-12-20 17:13:14', 1),
(40, 4, 'export', 36.5, 0, 'Bán đơn hàng #64', '2025-12-20 17:13:14', 1),
(41, 4, 'export', 78, 0, 'Bán đơn hàng #66', '2025-12-20 17:13:38', 1),
(42, 8, 'export', 4400, 0, 'Bán đơn hàng #67', '2025-12-20 17:14:49', 1),
(43, 6, 'export', 6600, 0, 'Bán đơn hàng #68', '2025-12-20 17:15:31', 1),
(44, 7, 'export', 1980, 0, 'Bán đơn hàng #68', '2025-12-20 17:15:31', 1),
(45, 1, 'export', 20, 0, 'Bán đơn hàng #69', '2025-12-20 17:16:26', 1),
(46, 1, 'export', 4460, 0, 'Bán đơn hàng #70', '2025-12-20 17:16:33', 1),
(47, 1, 'import', 12000, 5000000, '', '2025-12-20 17:20:17', 1),
(48, 4, 'import', 515, 1000000, '', '2025-12-20 17:20:34', 1),
(49, 4, 'export', 6, 0, 'Bán đơn hàng #73', '2025-12-20 17:20:52', 1),
(50, 4, 'export', 24, 0, 'Bán đơn hàng #74', '2025-12-20 17:23:09', 1),
(51, 4, 'export', 6, 0, 'Bán đơn hàng #75', '2025-12-20 17:23:22', 1),
(52, 4, 'export', 8, 0, 'Bán đơn hàng #76', '2025-12-20 17:23:31', 1),
(53, 4, 'export', 470, 0, 'Bán đơn hàng #77', '2025-12-20 17:23:43', 1),
(54, 2, 'import', 50000, 50000, 'Vinamilk', '2025-12-21 05:03:19', 1),
(55, 6, 'import', 50000, 0, '', '2025-12-21 05:03:44', 1),
(56, 3, 'import', 2000, 0, '', '2025-12-21 05:03:59', 1),
(57, 5, 'import', 20000, 0, '', '2025-12-21 05:04:32', 1),
(58, 8, 'import', 15778, 0, '', '2025-12-21 05:04:39', 1),
(59, 4, 'import', 20000, 430000, '', '2025-12-21 05:04:59', 1),
(60, 7, 'import', 20000, 51000, '', '2025-12-21 05:05:13', 1),
(61, 3, 'export', 3, 0, 'Bán đơn hàng #78', '2025-12-21 05:06:04', 1),
(62, 4, 'export', 1.5, 0, 'Bán đơn hàng #78', '2025-12-21 05:06:04', 1),
(78, 4, 'export', 8, 0, 'Bán đơn hàng #84', '2025-12-21 05:24:41', 1),
(101, 2, 'import', 100000, 5000000, 'Vinam', '2025-12-21 08:53:00', 1),
(102, 10, 'import', 4343430, 500000, 'NCC', '2025-12-21 08:53:08', 1),
(103, 9, 'import', 222, 50000000, '', '2025-12-21 08:53:18', 1),
(104, 5, 'export', 200, 0, 'Bán đơn #103', '2025-12-21 08:53:25', 1),
(105, 2, 'export', 50, 0, 'Bán đơn #103', '2025-12-21 08:53:25', 1),
(106, 4, 'export', 6, 0, 'Bán đơn #104', '2025-12-21 08:54:05', 1),
(107, 5, 'export', 200, 0, 'Bán đơn #104', '2025-12-21 08:54:05', 1),
(108, 2, 'export', 50, 0, 'Bán đơn #104', '2025-12-21 08:54:05', 1),
(109, 5, 'export', 600, 0, 'Bán đơn #105', '2025-12-21 09:09:00', 1),
(110, 2, 'export', 150, 0, 'Bán đơn #105', '2025-12-21 09:09:00', 1),
(111, 5, 'export', 1000, 0, 'Bán đơn #106', '2025-12-21 09:19:37', 1),
(112, 2, 'export', 250, 0, 'Bán đơn #106', '2025-12-21 09:19:37', 1),
(113, 4, 'export', 2, 0, 'Bán đơn #107', '2025-12-21 09:46:03', 1),
(114, 5, 'export', 200, 0, 'Bán đơn #108', '2025-12-21 09:48:02', 1),
(115, 2, 'export', 50, 0, 'Bán đơn #108', '2025-12-21 09:48:02', 1),
(116, 6, 'export', 150, 0, 'Bán đơn #109', '2025-12-21 09:48:44', 1),
(117, 2, 'export', 300, 0, 'Bán đơn #109', '2025-12-21 09:48:44', 1),
(123, 6, 'export', 50, 0, 'Bán đơn #113', '2025-12-21 15:19:09', 1),
(124, 2, 'export', 100, 0, 'Bán đơn #113', '2025-12-21 15:19:09', 1),
(125, 5, 'export', 400, 0, 'Bán đơn #113', '2025-12-21 15:19:09', 1),
(126, 2, 'export', 100, 0, 'Bán đơn #113', '2025-12-21 15:19:09', 1),
(127, 12, 'import', 5000, 50000, '', '2025-12-21 15:25:43', 1),
(128, 6, 'export', 50, 0, 'Bán đơn #114', '2025-12-21 15:35:44', 1),
(129, 2, 'export', 100, 0, 'Bán đơn #114', '2025-12-21 15:35:44', 1),
(130, 5, 'export', 200, 0, 'Bán đơn #115', '2025-12-21 15:36:59', 1),
(131, 2, 'export', 50, 0, 'Bán đơn #115', '2025-12-21 15:36:59', 1),
(132, 6, 'export', 200, 0, 'Bán đơn #116', '2025-12-21 15:37:36', 1),
(133, 2, 'export', 400, 0, 'Bán đơn #116', '2025-12-21 15:37:36', 1),
(134, 4, 'export', 2, 0, 'Bán đơn #117', '2025-12-21 15:45:30', 1),
(135, 4, 'export', 2, 0, 'Bán đơn #118', '2025-12-21 15:45:56', 1),
(136, 4, 'export', 2, 0, 'Bán đơn #119', '2025-12-21 15:46:24', 1),
(137, 11, 'import', 50000, 500000, '', '2025-12-21 15:46:55', 1),
(138, 9, 'import', 2, 0, ' [Chi phí: 5,000đ]', '2025-12-21 16:01:00', 1),
(139, 13, 'import', 200, 0, ' [Chi phí: 200,000đ]', '2025-12-21 16:01:42', 1),
(140, 9, 'import', 200, 0, ' [Chi phí: 200,000đ]', '2025-12-21 16:13:13', 1),
(141, 9, 'import', 2, 20000, '', '2025-12-21 16:25:38', 1),
(142, 2, 'export', 18.2, 0, 'Xuất kho sản xuất phiếu #1', '2025-12-13 22:37:18', 1),
(143, 6, 'import', 13.2, 93698, 'Nhập hàng đợt 2', '2025-12-01 13:07:44', 1),
(144, 6, 'import', 31.3, 190572, 'Nhập hàng đợt 3', '2025-11-19 09:26:00', 1),
(145, 1, 'import', 8.4, 313874, 'Nhập hàng đợt 4', '2025-12-10 05:08:00', 1),
(147, 5, 'export', 3, 0, 'Xuất kho sản xuất phiếu #6', '2025-12-08 21:10:14', 1),
(148, 2, 'import', 33.5, 440280, 'Nhập hàng đợt 7', '2025-11-26 13:35:14', 1),
(151, 1, 'import', 42.6, 391475, 'Nhập hàng đợt 10', '2025-12-10 12:16:03', 1),
(152, 2, 'export', 1.2, 0, 'Xuất kho sản xuất phiếu #11', '2025-12-01 08:48:21', 1),
(153, 6, 'export', 26.5, 0, 'Xuất kho sản xuất phiếu #12', '2025-11-14 17:20:34', 1),
(154, 1, 'import', 10.6, 159791, 'Nhập hàng đợt 13', '2025-12-15 07:01:24', 1),
(156, 6, 'import', 23.6, 343884, 'Nhập hàng đợt 15', '2025-11-13 15:06:04', 1),
(158, 5, 'export', 42.7, 0, 'Xuất kho sản xuất phiếu #17', '2025-12-10 04:12:42', 1),
(161, 6, 'import', 45.9, 102979, 'Nhập hàng đợt 20', '2025-12-21 05:02:33', 1),
(167, 3, 'import', 44.3, 434018, 'Nhập hàng đợt 26', '2025-11-13 13:55:36', 1),
(171, 4, 'import', 26.9, 168311, 'Nhập hàng đợt 30', '2025-11-12 21:22:15', 1),
(176, 3, 'import', 40.4, 65934, 'Nhập hàng đợt 35', '2025-11-23 09:36:40', 1),
(178, 3, 'import', 10.3, 52573, 'Nhập hàng đợt 37', '2025-11-21 09:13:55', 1),
(179, 4, 'import', 33, 399421, 'Nhập hàng đợt 38', '2025-12-14 21:59:55', 1),
(180, 4, 'import', 24.9, 249920, 'Nhập hàng đợt 39', '2025-11-03 18:45:14', 1),
(181, 6, 'export', 8.2, 0, 'Xuất kho sản xuất phiếu #40', '2025-12-12 20:00:14', 1),
(182, 3, 'export', 23.5, 0, 'Xuất kho sản xuất phiếu #41', '2025-11-04 18:16:28', 1),
(183, 4, 'import', 15.4, 439621, 'Nhập hàng đợt 42', '2025-12-11 20:19:08', 1),
(184, 4, 'import', 27.4, 487481, 'Nhập hàng đợt 43', '2025-12-02 12:03:19', 1),
(185, 5, 'export', 5.9, 0, 'Xuất kho sản xuất phiếu #44', '2025-11-01 05:37:43', 1),
(186, 2, 'export', 9.6, 0, 'Xuất kho sản xuất phiếu #45', '2025-12-05 14:54:08', 1),
(187, 5, 'export', 33.3, 0, 'Xuất kho sản xuất phiếu #46', '2025-11-28 19:33:46', 1),
(190, 1, 'export', 35.8, 0, 'Xuất kho sản xuất phiếu #49', '2025-12-13 22:12:45', 1),
(192, 1, 'import', 48.1, 351015, 'Nhập hàng đợt 51', '2025-11-04 03:01:28', 1),
(193, 5, 'export', 13.4, 0, 'Xuất kho sản xuất phiếu #52', '2025-11-24 18:31:34', 1),
(195, 5, 'import', 38.7, 221596, 'Nhập hàng đợt 54', '2025-11-17 09:05:34', 1),
(200, 2, 'export', 11.7, 0, 'Xuất kho sản xuất phiếu #59', '2025-12-10 22:19:47', 1),
(201, 1, 'export', 16.9, 0, 'Xuất kho sản xuất phiếu #60', '2025-12-06 22:07:33', 1),
(202, 3, 'export', 31.5, 0, 'Xuất kho sản xuất phiếu #61', '2025-12-21 02:49:05', 1),
(204, 5, 'export', 15.3, 0, 'Xuất kho sản xuất phiếu #63', '2025-12-02 11:13:44', 1),
(206, 1, 'import', 8.9, 275084, 'Nhập hàng đợt 65', '2025-11-03 14:47:52', 1),
(208, 1, 'export', 7, 0, 'Xuất kho sản xuất phiếu #67', '2025-12-18 21:55:31', 1),
(209, 6, 'import', 41.8, 184385, 'Nhập hàng đợt 68', '2025-11-10 04:29:47', 1),
(210, 5, 'export', 42.4, 0, 'Xuất kho sản xuất phiếu #69', '2025-11-18 09:46:00', 1),
(213, 3, 'import', 19, 93582, 'Nhập hàng đợt 72', '2025-11-27 18:49:40', 1),
(214, 1, 'import', 11.7, 220553, 'Nhập hàng đợt 73', '2025-11-12 11:52:57', 1),
(216, 6, 'import', 13, 420562, 'Nhập hàng đợt 75', '2025-11-23 13:16:49', 1),
(217, 5, 'import', 6, 461191, 'Nhập hàng đợt 76', '2025-11-23 02:34:51', 1),
(218, 3, 'export', 7.1, 0, 'Xuất kho sản xuất phiếu #77', '2025-11-27 08:52:23', 1),
(220, 4, 'export', 30.8, 0, 'Xuất kho sản xuất phiếu #79', '2025-12-18 14:08:33', 1),
(221, 5, 'import', 38.9, 157927, 'Nhập hàng đợt 80', '2025-12-01 04:03:19', 1),
(223, 1, 'import', 40, 204356, 'Nhập hàng đợt 82', '2025-11-18 10:19:11', 1),
(225, 3, 'import', 30.9, 483658, 'Nhập hàng đợt 84', '2025-12-12 05:46:17', 1),
(227, 6, 'import', 3.4, 429137, 'Nhập hàng đợt 86', '2025-11-29 21:44:02', 1),
(229, 1, 'import', 17, 197186, 'Nhập hàng đợt 88', '2025-11-14 22:17:26', 1),
(239, 6, 'import', 13.9, 62672, 'Nhập hàng đợt 98', '2025-11-09 01:13:36', 1),
(240, 3, 'import', 42.9, 403313, 'Nhập hàng đợt 99', '2025-11-11 17:58:24', 1),
(241, 1, 'import', 3.4, 485465, 'Nhập hàng đợt 100', '2025-12-19 05:59:14', 1),
(242, 4, 'import', 19.6, 348085, 'Nhập hàng đợt 101', '2025-11-08 21:21:09', 1),
(243, 4, 'import', 5.3, 146106, 'Nhập hàng đợt 102', '2025-11-14 14:27:30', 1),
(244, 2, 'import', 13.5, 233530, 'Nhập hàng đợt 103', '2025-11-23 11:32:34', 1),
(246, 3, 'import', 28.1, 277474, 'Nhập hàng đợt 105', '2025-12-02 06:38:12', 1),
(247, 3, 'import', 11.5, 281361, 'Nhập hàng đợt 106', '2025-12-13 03:54:04', 1),
(248, 6, 'export', 10.5, 0, 'Xuất kho sản xuất phiếu #107', '2025-11-26 23:33:54', 1),
(253, 6, 'import', 34.8, 280621, 'Nhập hàng đợt 112', '2025-11-27 16:00:28', 1),
(254, 4, 'import', 22.3, 271740, 'Nhập hàng đợt 113', '2025-11-23 20:02:59', 1),
(255, 1, 'import', 10, 236150, 'Nhập hàng đợt 114', '2025-11-11 02:04:50', 1),
(257, 1, 'export', 16.6, 0, 'Xuất kho sản xuất phiếu #116', '2025-12-02 22:02:53', 1),
(258, 1, 'import', 11.1, 152345, 'Nhập hàng đợt 117', '2025-11-24 12:59:05', 1),
(260, 6, 'import', 48.2, 72389, 'Nhập hàng đợt 119', '2025-11-15 04:56:41', 1),
(265, 5, 'import', 48.3, 210061, 'Nhập hàng đợt 124', '2025-11-03 23:14:42', 1),
(267, 5, 'import', 9.7, 114820, 'Nhập hàng đợt 126', '2025-11-08 00:36:08', 1),
(270, 1, 'import', 28.4, 63815, 'Nhập hàng đợt 129', '2025-11-28 22:05:48', 1),
(273, 4, 'import', 16.7, 422907, 'Nhập hàng đợt 132', '2025-12-14 14:48:52', 1),
(274, 3, 'export', 45.4, 0, 'Xuất kho sản xuất phiếu #133', '2025-11-08 23:23:15', 1),
(276, 5, 'import', 20.5, 179912, 'Nhập hàng đợt 135', '2025-12-17 04:50:29', 1),
(280, 2, 'import', 34.5, 496908, 'Nhập hàng đợt 139', '2025-12-07 11:15:07', 1),
(282, 5, 'export', 12.7, 0, 'Xuất kho sản xuất phiếu #141', '2025-12-09 03:05:42', 1),
(283, 5, 'import', 9.7, 310744, 'Nhập hàng đợt 142', '2025-11-21 22:57:03', 1),
(285, 3, 'export', 6.2, 0, 'Xuất kho sản xuất phiếu #144', '2025-12-10 02:28:44', 1),
(287, 5, 'import', 8.4, 386308, 'Nhập hàng đợt 146', '2025-12-13 03:22:39', 1),
(292, 1, 'import', 17, 492962, 'Nhập hàng đợt 151', '2025-12-09 06:59:32', 1),
(295, 3, 'import', 4.8, 244673, 'Nhập hàng đợt 154', '2025-11-26 22:12:16', 1),
(296, 3, 'import', 44, 64161, 'Nhập hàng đợt 155', '2025-12-06 17:33:58', 1),
(298, 4, 'export', 16.8, 0, 'Xuất kho sản xuất phiếu #157', '2025-11-08 08:22:49', 1),
(299, 2, 'import', 2.9, 229048, 'Nhập hàng đợt 158', '2025-11-11 05:11:42', 1),
(304, 2, 'import', 16, 89215, 'Nhập hàng đợt 163', '2025-12-16 20:30:29', 1),
(305, 3, 'import', 21.2, 365918, 'Nhập hàng đợt 164', '2025-12-02 09:06:10', 1),
(307, 1, 'import', 28.5, 404761, 'Nhập hàng đợt 166', '2025-12-17 17:08:22', 1),
(308, 2, 'import', 21.7, 378350, 'Nhập hàng đợt 167', '2025-11-03 19:48:52', 1),
(310, 6, 'export', 8.4, 0, 'Xuất kho sản xuất phiếu #169', '2025-12-12 19:20:09', 1),
(311, 1, 'import', 41.9, 242907, 'Nhập hàng đợt 170', '2025-12-02 22:41:01', 1),
(312, 4, 'import', 8.6, 169606, 'Nhập hàng đợt 171', '2025-12-03 19:49:11', 1),
(314, 6, 'import', 10.2, 142363, 'Nhập hàng đợt 173', '2025-11-11 08:05:57', 1),
(316, 2, 'export', 48, 0, 'Xuất kho sản xuất phiếu #175', '2025-12-10 07:03:24', 1),
(317, 3, 'export', 34.8, 0, 'Xuất kho sản xuất phiếu #176', '2025-12-15 14:45:02', 1),
(319, 1, 'import', 39.7, 476333, 'Nhập hàng đợt 178', '2025-12-16 09:49:43', 1),
(325, 4, 'export', 48.1, 0, 'Xuất kho sản xuất phiếu #184', '2025-12-12 05:23:19', 1),
(331, 5, 'import', 36.8, 192971, 'Nhập hàng đợt 190', '2025-11-24 07:03:43', 1),
(332, 1, 'import', 46.6, 281170, 'Nhập hàng đợt 191', '2025-11-20 10:37:10', 1),
(333, 3, 'import', 36.8, 231967, 'Nhập hàng đợt 192', '2025-11-06 00:53:23', 1),
(334, 1, 'import', 18, 339529, 'Nhập hàng đợt 193', '2025-11-06 02:27:47', 1),
(338, 4, 'import', 14.1, 374683, 'Nhập hàng đợt 197', '2025-11-16 00:19:27', 1),
(340, 5, 'import', 24.1, 148548, 'Nhập hàng đợt 199', '2025-12-17 19:08:29', 1),
(342, 3, 'import', 3.1, 495460, 'Nhập hàng đợt 201', '2025-11-21 23:40:30', 1),
(344, 6, 'import', 5, 391945, 'Nhập hàng đợt 203', '2025-12-06 13:47:16', 1),
(345, 2, 'import', 26.8, 360187, 'Nhập hàng đợt 204', '2025-11-18 13:23:53', 1),
(349, 4, 'export', 48.4, 0, 'Xuất kho sản xuất phiếu #208', '2025-11-06 06:02:31', 1),
(350, 5, 'import', 40.7, 240315, 'Nhập hàng đợt 209', '2025-12-08 10:33:12', 1),
(352, 4, 'import', 3.6, 401198, 'Nhập hàng đợt 211', '2025-11-18 05:58:23', 1),
(353, 2, 'import', 26.1, 341957, 'Nhập hàng đợt 212', '2025-12-06 22:52:11', 1),
(355, 5, 'export', 22.2, 0, 'Xuất kho sản xuất phiếu #214', '2025-12-18 15:35:00', 1),
(356, 2, 'import', 23.7, 208273, 'Nhập hàng đợt 215', '2025-11-26 13:42:38', 1),
(362, 6, 'import', 25.5, 194683, 'Nhập hàng đợt 221', '2025-12-01 16:53:17', 1),
(363, 1, 'import', 33.2, 58769, 'Nhập hàng đợt 222', '2025-11-23 19:48:52', 1),
(364, 6, 'import', 22.5, 173662, 'Nhập hàng đợt 223', '2025-11-14 03:12:53', 1),
(365, 1, 'import', 27, 365941, 'Nhập hàng đợt 224', '2025-11-29 16:53:46', 1),
(366, 3, 'export', 24.9, 0, 'Xuất kho sản xuất phiếu #225', '2025-11-16 23:09:39', 1),
(367, 2, 'import', 49.3, 427943, 'Nhập hàng đợt 226', '2025-11-05 13:23:43', 1),
(370, 5, 'import', 37, 422746, 'Nhập hàng đợt 229', '2025-11-07 02:19:01', 1),
(371, 4, 'import', 46.4, 258032, 'Nhập hàng đợt 230', '2025-11-23 17:25:29', 1),
(372, 1, 'import', 21.5, 440295, 'Nhập hàng đợt 231', '2025-12-07 13:03:16', 1),
(373, 2, 'import', 46.2, 54311, 'Nhập hàng đợt 232', '2025-12-15 22:05:03', 1),
(377, 2, 'import', 35.9, 110932, 'Nhập hàng đợt 236', '2025-11-08 20:53:17', 1),
(382, 5, 'import', 11.2, 216730, 'Nhập hàng đợt 241', '2025-11-08 21:18:53', 1),
(384, 2, 'import', 22.5, 51849, 'Nhập hàng đợt 243', '2025-11-07 01:22:46', 1),
(385, 4, 'export', 17.1, 0, 'Xuất kho sản xuất phiếu #244', '2025-12-01 00:33:26', 1),
(388, 5, 'import', 31.1, 66620, 'Nhập hàng đợt 247', '2025-11-09 15:16:02', 1),
(389, 4, 'import', 49.7, 195760, 'Nhập hàng đợt 248', '2025-11-10 23:48:00', 1),
(390, 2, 'import', 45.9, 324440, 'Nhập hàng đợt 249', '2025-11-17 17:00:19', 1),
(392, 4, 'export', 28.3, 0, 'Xuất kho sản xuất phiếu #251', '2025-11-26 22:02:38', 1),
(393, 2, 'export', 38.8, 0, 'Xuất kho sản xuất phiếu #252', '2025-11-01 23:31:16', 1),
(394, 6, 'export', 40.9, 0, 'Xuất kho sản xuất phiếu #253', '2025-12-14 22:12:51', 1),
(395, 4, 'import', 11.5, 170461, 'Nhập hàng đợt 254', '2025-11-08 16:41:54', 1),
(396, 2, 'export', 28.8, 0, 'Xuất kho sản xuất phiếu #255', '2025-11-11 16:23:06', 1),
(397, 6, 'import', 8.6, 61346, 'Nhập hàng đợt 256', '2025-11-04 13:43:25', 1),
(398, 1, 'import', 11.4, 213241, 'Nhập hàng đợt 257', '2025-12-20 11:46:57', 1),
(400, 6, 'import', 42, 86690, 'Nhập hàng đợt 259', '2025-11-01 14:51:45', 1),
(401, 5, 'import', 30.7, 206258, 'Nhập hàng đợt 260', '2025-11-08 04:05:35', 1),
(402, 1, 'export', 33.1, 0, 'Xuất kho sản xuất phiếu #261', '2025-11-03 04:31:34', 1),
(403, 5, 'export', 46.4, 0, 'Xuất kho sản xuất phiếu #262', '2025-11-10 08:57:45', 1),
(404, 4, 'export', 46.8, 0, 'Xuất kho sản xuất phiếu #263', '2025-12-11 12:37:38', 1),
(409, 2, 'import', 5.4, 332474, 'Nhập hàng đợt 268', '2025-11-06 17:00:42', 1),
(410, 3, 'import', 29.8, 89988, 'Nhập hàng đợt 269', '2025-11-21 11:49:45', 1),
(411, 4, 'import', 47.4, 187738, 'Nhập hàng đợt 270', '2025-11-16 01:23:33', 1),
(412, 3, 'import', 48.3, 336777, 'Nhập hàng đợt 271', '2025-11-22 00:06:45', 1),
(413, 6, 'import', 10.8, 76841, 'Nhập hàng đợt 272', '2025-11-17 05:46:59', 1),
(415, 2, 'import', 49.3, 338226, 'Nhập hàng đợt 274', '2025-11-16 04:56:02', 1),
(416, 5, 'import', 1.5, 261869, 'Nhập hàng đợt 275', '2025-12-13 22:19:38', 1),
(418, 2, 'export', 22.4, 0, 'Xuất kho sản xuất phiếu #277', '2025-12-19 11:41:46', 1),
(419, 2, 'import', 26.6, 183580, 'Nhập hàng đợt 278', '2025-12-18 23:39:07', 1),
(420, 2, 'import', 16.7, 300285, 'Nhập hàng đợt 279', '2025-12-05 19:11:49', 1),
(422, 4, 'export', 11.2, 0, 'Xuất kho sản xuất phiếu #281', '2025-11-13 11:57:01', 1),
(424, 5, 'import', 19.8, 406877, 'Nhập hàng đợt 283', '2025-12-01 19:46:19', 1),
(425, 3, 'import', 23.5, 146852, 'Nhập hàng đợt 284', '2025-12-19 21:06:08', 1),
(426, 6, 'import', 20, 357734, 'Nhập hàng đợt 285', '2025-11-26 10:56:12', 1),
(428, 2, 'export', 39.1, 0, 'Xuất kho sản xuất phiếu #287', '2025-11-21 14:26:32', 1),
(431, 5, 'import', 41.8, 385026, 'Nhập hàng đợt 290', '2025-12-03 19:43:32', 1),
(432, 5, 'export', 32.4, 0, 'Xuất kho sản xuất phiếu #291', '2025-11-22 13:15:00', 1),
(433, 2, 'import', 36.3, 421398, 'Nhập hàng đợt 292', '2025-11-10 22:27:21', 1),
(434, 4, 'export', 19.8, 0, 'Xuất kho sản xuất phiếu #293', '2025-11-01 22:40:10', 1),
(435, 5, 'import', 16.9, 479970, 'Nhập hàng đợt 294', '2025-11-12 10:18:26', 1),
(437, 3, 'export', 25.6, 0, 'Xuất kho sản xuất phiếu #296', '2025-12-09 16:41:31', 1),
(440, 6, 'import', 33.6, 358713, 'Nhập hàng đợt 299', '2025-11-03 07:45:51', 1),
(442, 6, 'import', 42.4, 194005, 'Nhập hàng đợt 301', '2025-11-24 22:18:09', 1),
(449, 6, 'import', 47.9, 98145, 'Nhập hàng đợt 308', '2025-11-21 22:24:57', 1),
(451, 6, 'import', 35.3, 478139, 'Nhập hàng đợt 310', '2025-12-10 05:01:33', 1),
(452, 6, 'export', 8.7, 0, 'Xuất kho sản xuất phiếu #311', '2025-12-14 07:26:09', 1),
(454, 4, 'export', 41.5, 0, 'Xuất kho sản xuất phiếu #313', '2025-12-02 00:38:49', 1),
(456, 6, 'import', 6.6, 480527, 'Nhập hàng đợt 315', '2025-11-08 05:50:27', 1),
(457, 1, 'import', 10.7, 240555, 'Nhập hàng đợt 316', '2025-11-14 08:27:08', 1),
(462, 5, 'export', 36.7, 0, 'Xuất kho sản xuất phiếu #321', '2025-11-30 06:10:32', 1),
(464, 3, 'import', 20.9, 275883, 'Nhập hàng đợt 323', '2025-12-15 14:14:15', 1),
(465, 4, 'import', 11.3, 77054, 'Nhập hàng đợt 324', '2025-11-13 17:25:12', 1),
(466, 3, 'import', 16.2, 317844, 'Nhập hàng đợt 325', '2025-11-27 02:09:42', 1),
(467, 3, 'export', 24.3, 0, 'Xuất kho sản xuất phiếu #326', '2025-11-18 14:50:16', 1),
(469, 1, 'export', 13.9, 0, 'Xuất kho sản xuất phiếu #328', '2025-11-26 09:41:53', 1),
(473, 5, 'export', 16.8, 0, 'Xuất kho sản xuất phiếu #332', '2025-12-08 15:45:37', 1),
(474, 5, 'import', 43, 312033, 'Nhập hàng đợt 333', '2025-11-18 15:01:54', 1),
(478, 3, 'import', 10.9, 115471, 'Nhập hàng đợt 337', '2025-12-18 18:30:41', 1),
(479, 3, 'import', 30.5, 481544, 'Nhập hàng đợt 338', '2025-12-11 12:03:45', 1),
(482, 1, 'import', 9.9, 208894, 'Nhập hàng đợt 341', '2025-11-04 20:24:05', 1),
(484, 6, 'import', 18.8, 346109, 'Nhập hàng đợt 343', '2025-11-12 11:07:51', 1),
(486, 6, 'export', 7.8, 0, 'Xuất kho sản xuất phiếu #345', '2025-12-05 16:37:08', 1),
(490, 1, 'import', 9.7, 321104, 'Nhập hàng đợt 349', '2025-12-13 20:33:06', 1),
(491, 6, 'import', 33.2, 447927, 'Nhập hàng đợt 350', '2025-12-15 13:29:11', 1),
(493, 2, 'import', 3.5, 225453, 'Nhập hàng đợt 352', '2025-12-18 16:23:58', 1),
(494, 3, 'import', 19.1, 301147, 'Nhập hàng đợt 353', '2025-11-14 17:57:57', 1),
(496, 2, 'import', 29.2, 152877, 'Nhập hàng đợt 355', '2025-11-08 14:42:23', 1),
(498, 1, 'import', 18.8, 339721, 'Nhập hàng đợt 357', '2025-12-19 09:56:45', 1),
(499, 2, 'export', 18.5, 0, 'Xuất kho sản xuất phiếu #358', '2025-12-09 20:52:53', 1),
(501, 5, 'import', 47, 301685, 'Nhập hàng đợt 360', '2025-11-09 07:32:09', 1),
(504, 1, 'import', 31.2, 195197, 'Nhập hàng đợt 363', '2025-11-30 10:47:09', 1),
(505, 4, 'export', 9.8, 0, 'Xuất kho sản xuất phiếu #364', '2025-11-21 03:35:40', 1),
(506, 4, 'export', 18.2, 0, 'Xuất kho sản xuất phiếu #365', '2025-12-03 06:57:36', 1),
(507, 1, 'import', 7.6, 422061, 'Nhập hàng đợt 366', '2025-11-25 13:59:28', 1),
(508, 6, 'import', 41.6, 210662, 'Nhập hàng đợt 367', '2025-11-17 05:17:33', 1),
(509, 3, 'import', 47.1, 478602, 'Nhập hàng đợt 368', '2025-12-02 23:36:07', 1),
(512, 6, 'import', 46.9, 211884, 'Nhập hàng đợt 371', '2025-11-21 06:07:39', 1),
(521, 2, 'import', 49.4, 92585, 'Nhập hàng đợt 380', '2025-12-16 22:18:27', 1),
(522, 5, 'import', 19.3, 472674, 'Nhập hàng đợt 381', '2025-11-25 08:52:14', 1),
(526, 2, 'import', 26.5, 321046, 'Nhập hàng đợt 385', '2025-12-09 18:08:42', 1),
(528, 1, 'import', 33, 442738, 'Nhập hàng đợt 387', '2025-12-06 23:13:27', 1),
(529, 3, 'export', 33.2, 0, 'Xuất kho sản xuất phiếu #388', '2025-12-14 20:08:02', 1),
(531, 2, 'export', 9.7, 0, 'Xuất kho sản xuất phiếu #390', '2025-11-09 21:41:53', 1),
(533, 4, 'import', 45.7, 123974, 'Nhập hàng đợt 392', '2025-12-17 00:50:30', 1),
(537, 1, 'import', 31, 403611, 'Nhập hàng đợt 396', '2025-11-22 05:10:27', 1),
(538, 4, 'import', 47.2, 103569, 'Nhập hàng đợt 397', '2025-12-10 05:49:02', 1),
(540, 3, 'export', 31.1, 0, 'Xuất kho sản xuất phiếu #399', '2025-12-04 23:50:53', 1),
(542, 5, 'import', 36.2, 332716, 'Nhập hàng đợt 401', '2025-11-24 11:48:53', 1),
(544, 6, 'import', 4.1, 111782, 'Nhập hàng đợt 403', '2025-11-02 05:47:59', 1),
(545, 2, 'import', 17.5, 99168, 'Nhập hàng đợt 404', '2025-11-03 10:57:02', 1),
(546, 1, 'export', 3, 0, 'Xuất kho sản xuất phiếu #405', '2025-11-10 17:47:42', 1),
(547, 1, 'import', 50, 149340, 'Nhập hàng đợt 406', '2025-11-10 19:30:03', 1),
(550, 2, 'import', 13.9, 306210, 'Nhập hàng đợt 409', '2025-11-23 13:35:19', 1),
(551, 6, 'export', 20.3, 0, 'Xuất kho sản xuất phiếu #410', '2025-12-16 10:40:43', 1),
(553, 4, 'import', 45.1, 385550, 'Nhập hàng đợt 412', '2025-11-03 20:00:58', 1),
(555, 2, 'import', 25.5, 78802, 'Nhập hàng đợt 414', '2025-12-07 05:25:06', 1),
(556, 1, 'export', 2.6, 0, 'Xuất kho sản xuất phiếu #415', '2025-12-08 01:02:44', 1),
(557, 1, 'import', 21.2, 156181, 'Nhập hàng đợt 416', '2025-12-10 06:15:54', 1),
(559, 5, 'import', 20.2, 112415, 'Nhập hàng đợt 418', '2025-11-06 04:55:42', 1),
(560, 2, 'import', 40.2, 155708, 'Nhập hàng đợt 419', '2025-11-14 00:02:15', 1),
(562, 1, 'export', 14.2, 0, 'Xuất kho sản xuất phiếu #421', '2025-11-07 16:22:28', 1),
(563, 4, 'import', 24.3, 414474, 'Nhập hàng đợt 422', '2025-11-06 03:05:20', 1),
(567, 2, 'import', 14.5, 313132, 'Nhập hàng đợt 426', '2025-12-02 14:07:20', 1),
(570, 3, 'import', 12.8, 409048, 'Nhập hàng đợt 429', '2025-12-20 23:07:24', 1),
(571, 1, 'import', 27.8, 290644, 'Nhập hàng đợt 430', '2025-11-12 11:59:15', 1),
(576, 6, 'import', 22.3, 235422, 'Nhập hàng đợt 435', '2025-12-17 21:20:57', 1),
(577, 2, 'import', 43.9, 180288, 'Nhập hàng đợt 436', '2025-12-02 18:52:07', 1),
(579, 2, 'import', 21.4, 311180, 'Nhập hàng đợt 438', '2025-11-15 11:38:14', 1),
(580, 5, 'import', 14.9, 397611, 'Nhập hàng đợt 439', '2025-11-07 05:38:22', 1),
(582, 1, 'export', 25.3, 0, 'Xuất kho sản xuất phiếu #441', '2025-11-23 17:26:07', 1),
(585, 2, 'import', 14.5, 230124, 'Nhập hàng đợt 444', '2025-11-06 18:11:38', 1),
(586, 3, 'export', 33, 0, 'Xuất kho sản xuất phiếu #445', '2025-11-23 06:14:31', 1),
(589, 3, 'import', 28.5, 235964, 'Nhập hàng đợt 448', '2025-12-11 18:56:45', 1),
(592, 2, 'import', 11.2, 381947, 'Nhập hàng đợt 451', '2025-11-07 19:08:26', 1),
(595, 3, 'import', 20.6, 222872, 'Nhập hàng đợt 454', '2025-12-06 02:58:29', 1),
(597, 1, 'import', 7.9, 236700, 'Nhập hàng đợt 456', '2025-12-01 18:34:10', 1),
(598, 6, 'import', 42.3, 291560, 'Nhập hàng đợt 457', '2025-12-01 19:54:54', 1),
(599, 5, 'import', 38.6, 84661, 'Nhập hàng đợt 458', '2025-11-29 08:00:56', 1),
(600, 5, 'import', 48.8, 260170, 'Nhập hàng đợt 459', '2025-11-05 20:40:40', 1),
(601, 4, 'import', 36.1, 371569, 'Nhập hàng đợt 460', '2025-11-07 00:24:02', 1),
(602, 6, 'export', 46.1, 0, 'Xuất kho sản xuất phiếu #461', '2025-12-07 11:38:01', 1),
(604, 3, 'import', 37.7, 359043, 'Nhập hàng đợt 463', '2025-11-16 05:25:54', 1),
(606, 2, 'export', 31.5, 0, 'Xuất kho sản xuất phiếu #465', '2025-12-17 23:38:32', 1),
(607, 4, 'import', 23.7, 252793, 'Nhập hàng đợt 466', '2025-11-20 21:10:01', 1),
(611, 2, 'import', 17.1, 248966, 'Nhập hàng đợt 470', '2025-11-23 03:53:10', 1),
(614, 1, 'export', 3.2, 0, 'Xuất kho sản xuất phiếu #473', '2025-12-01 12:23:39', 1),
(616, 1, 'import', 12.2, 482940, 'Nhập hàng đợt 475', '2025-11-11 14:15:44', 1),
(617, 1, 'import', 20.5, 338815, 'Nhập hàng đợt 476', '2025-12-01 21:30:09', 1),
(618, 1, 'import', 42.5, 309474, 'Nhập hàng đợt 477', '2025-11-17 22:12:58', 1),
(623, 5, 'export', 13.8, 0, 'Xuất kho sản xuất phiếu #482', '2025-11-13 06:42:36', 1),
(625, 6, 'export', 12, 0, 'Xuất kho sản xuất phiếu #484', '2025-11-05 07:35:45', 1),
(626, 3, 'export', 44.9, 0, 'Xuất kho sản xuất phiếu #485', '2025-11-26 08:36:50', 1),
(627, 6, 'export', 47.4, 0, 'Xuất kho sản xuất phiếu #486', '2025-11-07 14:45:49', 1),
(628, 2, 'export', 2.3, 0, 'Xuất kho sản xuất phiếu #487', '2025-11-29 11:15:55', 1),
(629, 6, 'import', 14.8, 180626, 'Nhập hàng đợt 488', '2025-12-20 07:22:22', 1),
(631, 3, 'export', 34.1, 0, 'Xuất kho sản xuất phiếu #490', '2025-11-16 20:53:30', 1),
(632, 5, 'export', 22.1, 0, 'Xuất kho sản xuất phiếu #491', '2025-11-15 04:22:24', 1),
(634, 5, 'import', 40.4, 449132, 'Nhập hàng đợt 493', '2025-12-01 15:10:36', 1),
(635, 5, 'import', 27.6, 426490, 'Nhập hàng đợt 494', '2025-11-01 16:40:57', 1),
(636, 5, 'import', 42.1, 386098, 'Nhập hàng đợt 495', '2025-12-03 19:25:51', 1),
(637, 5, 'import', 31.1, 419722, 'Nhập hàng đợt 496', '2025-11-05 00:58:55', 1),
(638, 3, 'import', 11.8, 238510, 'Nhập hàng đợt 497', '2025-12-20 13:05:42', 1),
(644, 3, 'import', 36.6, 220703, 'Nhập hàng đợt 503', '2025-12-05 01:30:35', 1),
(645, 2, 'export', 20.1, 0, 'Xuất kho sản xuất phiếu #504', '2025-11-17 12:32:09', 1),
(649, 6, 'import', 28.4, 484559, 'Nhập hàng đợt 508', '2025-11-16 20:29:40', 1),
(650, 3, 'export', 17, 0, 'Xuất kho sản xuất phiếu #509', '2025-12-17 05:08:13', 1),
(651, 4, 'export', 48, 0, 'Xuất kho sản xuất phiếu #510', '2025-11-26 12:19:22', 1),
(655, 6, 'import', 12.7, 218857, 'Nhập hàng đợt 514', '2025-12-20 09:35:22', 1),
(657, 1, 'import', 10.3, 354972, 'Nhập hàng đợt 516', '2025-11-09 14:53:25', 1),
(661, 4, 'import', 31.6, 198403, 'Nhập hàng đợt 520', '2025-12-03 10:10:10', 1),
(662, 2, 'import', 12, 266648, 'Nhập hàng đợt 521', '2025-11-07 09:22:26', 1),
(663, 2, 'import', 8.7, 414248, 'Nhập hàng đợt 522', '2025-12-19 19:54:54', 1),
(665, 2, 'export', 49.4, 0, 'Xuất kho sản xuất phiếu #524', '2025-12-13 20:38:22', 1),
(666, 2, 'export', 38.7, 0, 'Xuất kho sản xuất phiếu #525', '2025-12-12 15:22:33', 1),
(668, 4, 'export', 41.2, 0, 'Xuất kho sản xuất phiếu #527', '2025-11-05 00:51:23', 1),
(670, 6, 'import', 14.4, 127619, 'Nhập hàng đợt 529', '2025-12-12 13:54:38', 1),
(672, 5, 'export', 26.4, 0, 'Xuất kho sản xuất phiếu #531', '2025-11-18 23:25:49', 1),
(673, 2, 'import', 27.1, 447356, 'Nhập hàng đợt 532', '2025-12-21 03:33:21', 1),
(674, 6, 'import', 42.7, 163806, 'Nhập hàng đợt 533', '2025-11-08 10:47:33', 1),
(677, 5, 'import', 37.4, 442120, 'Nhập hàng đợt 536', '2025-12-14 17:21:24', 1),
(678, 5, 'import', 28.5, 447445, 'Nhập hàng đợt 537', '2025-12-08 04:07:53', 1),
(679, 2, 'import', 1.6, 333295, 'Nhập hàng đợt 538', '2025-12-13 20:26:41', 1),
(680, 5, 'import', 21.2, 149463, 'Nhập hàng đợt 539', '2025-11-25 13:11:37', 1),
(682, 6, 'export', 36, 0, 'Xuất kho sản xuất phiếu #541', '2025-11-10 21:54:23', 1),
(685, 6, 'import', 7.6, 104829, 'Nhập hàng đợt 544', '2025-11-06 02:39:15', 1),
(687, 5, 'export', 17.1, 0, 'Xuất kho sản xuất phiếu #546', '2025-11-30 04:29:53', 1),
(689, 6, 'import', 1.3, 306819, 'Nhập hàng đợt 548', '2025-12-11 03:28:17', 1),
(691, 4, 'import', 14.1, 362974, 'Nhập hàng đợt 550', '2025-12-12 00:13:39', 1),
(692, 6, 'import', 7.5, 150126, 'Nhập hàng đợt 551', '2025-11-02 14:17:11', 1),
(695, 6, 'import', 14.2, 155918, 'Nhập hàng đợt 554', '2025-11-03 13:46:01', 1),
(703, 6, 'export', 21.4, 0, 'Xuất kho sản xuất phiếu #562', '2025-11-12 10:43:19', 1),
(707, 3, 'import', 24.3, 177872, 'Nhập hàng đợt 566', '2025-11-07 00:28:26', 1),
(710, 6, 'export', 19.3, 0, 'Xuất kho sản xuất phiếu #569', '2025-12-01 15:07:20', 1),
(711, 6, 'import', 20.1, 474004, 'Nhập hàng đợt 570', '2025-11-20 22:26:02', 1),
(713, 4, 'import', 24.2, 331239, 'Nhập hàng đợt 572', '2025-12-02 03:42:30', 1),
(714, 2, 'import', 5.6, 158369, 'Nhập hàng đợt 573', '2025-12-07 18:14:33', 1),
(715, 1, 'import', 32.4, 335260, 'Nhập hàng đợt 574', '2025-11-14 20:24:50', 1),
(716, 2, 'import', 28.7, 159176, 'Nhập hàng đợt 575', '2025-11-27 08:35:43', 1),
(722, 3, 'export', 4.9, 0, 'Xuất kho sản xuất phiếu #581', '2025-11-12 02:01:03', 1),
(724, 2, 'export', 49.5, 0, 'Xuất kho sản xuất phiếu #583', '2025-11-20 02:17:26', 1),
(726, 6, 'import', 8.7, 233384, 'Nhập hàng đợt 585', '2025-11-17 11:17:41', 1),
(727, 2, 'import', 29.4, 70093, 'Nhập hàng đợt 586', '2025-12-03 03:20:31', 1),
(728, 1, 'export', 34.5, 0, 'Xuất kho sản xuất phiếu #587', '2025-11-09 20:15:33', 1),
(730, 2, 'export', 36.7, 0, 'Xuất kho sản xuất phiếu #589', '2025-11-26 02:50:49', 1),
(731, 1, 'export', 44.3, 0, 'Xuất kho sản xuất phiếu #590', '2025-12-18 10:27:52', 1),
(735, 4, 'export', 29.3, 0, 'Xuất kho sản xuất phiếu #594', '2025-11-03 13:38:23', 1),
(737, 6, 'import', 32.8, 141160, 'Nhập hàng đợt 596', '2025-11-01 00:27:44', 1),
(738, 4, 'import', 15.3, 277701, 'Nhập hàng đợt 597', '2025-12-20 16:03:38', 1),
(740, 6, 'import', 45.8, 370462, 'Nhập hàng đợt 599', '2025-11-15 17:03:58', 1),
(741, 1, 'import', 9.9, 413116, 'Nhập hàng đợt 600', '2025-12-06 03:10:39', 1),
(743, 5, 'import', 41.5, 178463, 'Nhập hàng đợt 602', '2025-12-20 18:42:17', 1),
(745, 1, 'import', 45.2, 274532, 'Nhập hàng đợt 604', '2025-11-19 12:09:55', 1),
(749, 4, 'export', 49, 0, 'Xuất kho sản xuất phiếu #608', '2025-11-19 08:49:02', 1),
(750, 4, 'import', 46.5, 211762, 'Nhập hàng đợt 609', '2025-11-24 13:27:20', 1),
(751, 3, 'export', 33, 0, 'Xuất kho sản xuất phiếu #610', '2025-12-19 12:46:50', 1),
(754, 6, 'import', 43.8, 99043, 'Nhập hàng đợt 613', '2025-11-11 05:37:37', 1),
(755, 1, 'import', 47.2, 67298, 'Nhập hàng đợt 614', '2025-11-13 14:36:14', 1),
(756, 1, 'export', 23.6, 0, 'Xuất kho sản xuất phiếu #615', '2025-12-18 10:16:50', 1),
(757, 2, 'import', 11, 262271, 'Nhập hàng đợt 616', '2025-11-06 16:27:21', 1),
(759, 5, 'import', 14.1, 409094, 'Nhập hàng đợt 618', '2025-12-09 05:27:55', 1),
(760, 5, 'import', 9.5, 270981, 'Nhập hàng đợt 619', '2025-12-10 00:59:45', 1),
(763, 5, 'import', 4.4, 112239, 'Nhập hàng đợt 622', '2025-11-01 00:17:16', 1),
(764, 5, 'export', 43.6, 0, 'Xuất kho sản xuất phiếu #623', '2025-11-10 19:25:25', 1),
(769, 2, 'import', 35.2, 329082, 'Nhập hàng đợt 628', '2025-11-26 11:09:01', 1),
(771, 2, 'import', 12.1, 52349, 'Nhập hàng đợt 630', '2025-11-03 12:16:04', 1),
(778, 5, 'import', 39.2, 301678, 'Nhập hàng đợt 637', '2025-12-01 21:14:30', 1),
(780, 3, 'export', 13.1, 0, 'Xuất kho sản xuất phiếu #639', '2025-11-06 09:02:50', 1),
(785, 5, 'export', 47.2, 0, 'Xuất kho sản xuất phiếu #644', '2025-12-09 11:40:00', 1),
(786, 6, 'import', 23, 361051, 'Nhập hàng đợt 645', '2025-11-05 06:38:43', 1),
(787, 5, 'export', 24.6, 0, 'Xuất kho sản xuất phiếu #646', '2025-11-13 01:28:43', 1),
(789, 2, 'import', 24.4, 393408, 'Nhập hàng đợt 648', '2025-11-10 23:32:58', 1),
(790, 4, 'export', 48.1, 0, 'Xuất kho sản xuất phiếu #649', '2025-11-19 12:55:30', 1),
(792, 6, 'import', 25.6, 279388, 'Nhập hàng đợt 651', '2025-11-09 07:28:36', 1),
(795, 2, 'export', 49.8, 0, 'Xuất kho sản xuất phiếu #654', '2025-11-21 12:21:32', 1),
(797, 5, 'import', 43.3, 279559, 'Nhập hàng đợt 656', '2025-12-17 13:39:57', 1),
(798, 2, 'import', 43.8, 188379, 'Nhập hàng đợt 657', '2025-12-21 03:14:20', 1),
(800, 2, 'export', 19.9, 0, 'Xuất kho sản xuất phiếu #659', '2025-12-04 01:33:06', 1),
(805, 5, 'export', 33, 0, 'Xuất kho sản xuất phiếu #664', '2025-12-07 02:55:12', 1),
(807, 1, 'import', 34.8, 459589, 'Nhập hàng đợt 666', '2025-11-05 11:27:41', 1),
(810, 3, 'import', 17.3, 78310, 'Nhập hàng đợt 669', '2025-11-10 19:56:34', 1),
(812, 3, 'export', 41.8, 0, 'Xuất kho sản xuất phiếu #671', '2025-11-15 22:06:47', 1),
(814, 2, 'export', 28, 0, 'Xuất kho sản xuất phiếu #673', '2025-11-20 22:54:58', 1),
(815, 3, 'import', 14.1, 283810, 'Nhập hàng đợt 674', '2025-11-24 02:51:28', 1),
(819, 5, 'export', 43.9, 0, 'Xuất kho sản xuất phiếu #678', '2025-11-16 23:16:36', 1),
(820, 1, 'import', 32.7, 233447, 'Nhập hàng đợt 679', '2025-12-18 02:19:30', 1),
(823, 1, 'import', 17.1, 388104, 'Nhập hàng đợt 682', '2025-11-16 17:15:02', 1),
(824, 2, 'import', 11, 77202, 'Nhập hàng đợt 683', '2025-11-16 09:09:49', 1),
(826, 5, 'import', 41.2, 382810, 'Nhập hàng đợt 685', '2025-12-04 09:49:02', 1),
(827, 5, 'export', 45.3, 0, 'Xuất kho sản xuất phiếu #686', '2025-11-26 02:30:23', 1),
(828, 6, 'import', 40.7, 455781, 'Nhập hàng đợt 687', '2025-12-13 19:27:25', 1),
(829, 6, 'export', 47.4, 0, 'Xuất kho sản xuất phiếu #688', '2025-12-12 10:46:12', 1),
(830, 6, 'import', 7.6, 131775, 'Nhập hàng đợt 689', '2025-11-13 04:30:34', 1),
(832, 5, 'import', 7.1, 344542, 'Nhập hàng đợt 691', '2025-11-17 05:09:25', 1),
(833, 3, 'import', 13.8, 67584, 'Nhập hàng đợt 692', '2025-11-20 21:54:31', 1),
(834, 1, 'import', 9.7, 416682, 'Nhập hàng đợt 693', '2025-12-15 14:11:24', 1),
(841, 3, 'import', 19.8, 334156, 'Nhập hàng đợt 700', '2025-11-28 07:13:29', 1),
(843, 4, 'import', 28.3, 60929, 'Nhập hàng đợt 702', '2025-11-23 17:09:33', 1),
(844, 3, 'import', 18.4, 360536, 'Nhập hàng đợt 703', '2025-12-17 06:44:30', 1),
(845, 6, 'import', 8.1, 294844, 'Nhập hàng đợt 704', '2025-11-02 03:06:19', 1),
(847, 5, 'export', 6, 0, 'Xuất kho sản xuất phiếu #706', '2025-12-01 05:14:21', 1),
(848, 5, 'export', 5.2, 0, 'Xuất kho sản xuất phiếu #707', '2025-12-20 09:34:04', 1),
(849, 1, 'import', 29.9, 237794, 'Nhập hàng đợt 708', '2025-12-02 18:37:03', 1),
(850, 4, 'export', 10.5, 0, 'Xuất kho sản xuất phiếu #709', '2025-12-12 14:16:22', 1),
(852, 3, 'import', 45.6, 63363, 'Nhập hàng đợt 711', '2025-11-19 12:42:45', 1),
(853, 3, 'import', 37.6, 441043, 'Nhập hàng đợt 712', '2025-12-10 21:41:22', 1),
(855, 1, 'import', 7.9, 387933, 'Nhập hàng đợt 714', '2025-12-21 06:31:52', 1),
(860, 6, 'export', 48.9, 0, 'Xuất kho sản xuất phiếu #719', '2025-11-21 10:07:21', 1),
(862, 4, 'import', 15.7, 172100, 'Nhập hàng đợt 721', '2025-11-23 13:21:46', 1),
(865, 2, 'import', 34.1, 126835, 'Nhập hàng đợt 724', '2025-11-08 23:15:45', 1),
(871, 2, 'import', 14.9, 277007, 'Nhập hàng đợt 730', '2025-11-02 10:35:47', 1),
(876, 3, 'export', 7, 0, 'Xuất kho sản xuất phiếu #735', '2025-11-27 01:25:34', 1),
(879, 4, 'import', 34.3, 270169, 'Nhập hàng đợt 738', '2025-11-09 19:25:10', 1),
(880, 6, 'export', 49.4, 0, 'Xuất kho sản xuất phiếu #739', '2025-11-09 08:23:54', 1),
(883, 5, 'import', 28.7, 462986, 'Nhập hàng đợt 742', '2025-11-18 18:12:20', 1),
(886, 3, 'import', 11.2, 318132, 'Nhập hàng đợt 745', '2025-11-23 11:43:01', 1),
(889, 1, 'export', 5.7, 0, 'Xuất kho sản xuất phiếu #748', '2025-12-13 07:49:09', 1),
(892, 1, 'export', 23.8, 0, 'Xuất kho sản xuất phiếu #751', '2025-11-10 09:22:59', 1),
(893, 6, 'import', 5.1, 438633, 'Nhập hàng đợt 752', '2025-12-04 13:21:04', 1),
(894, 6, 'import', 42.2, 56099, 'Nhập hàng đợt 753', '2025-12-05 13:52:12', 1),
(896, 5, 'import', 4.8, 341575, 'Nhập hàng đợt 755', '2025-12-02 04:02:24', 1),
(897, 1, 'export', 44.7, 0, 'Xuất kho sản xuất phiếu #756', '2025-12-21 06:30:36', 1),
(898, 5, 'export', 34.6, 0, 'Xuất kho sản xuất phiếu #757', '2025-12-16 05:56:21', 1),
(899, 1, 'import', 42.5, 72927, 'Nhập hàng đợt 758', '2025-11-18 08:56:54', 1),
(900, 2, 'import', 7.1, 161526, 'Nhập hàng đợt 759', '2025-11-30 16:33:23', 1),
(902, 2, 'import', 47.6, 320622, 'Nhập hàng đợt 761', '2025-12-15 00:22:12', 1),
(904, 3, 'export', 34.9, 0, 'Xuất kho sản xuất phiếu #763', '2025-11-11 02:59:46', 1),
(907, 2, 'import', 12.6, 55432, 'Nhập hàng đợt 766', '2025-11-05 06:48:52', 1),
(908, 2, 'import', 30.2, 287110, 'Nhập hàng đợt 767', '2025-12-03 10:51:48', 1),
(909, 3, 'import', 23.6, 487681, 'Nhập hàng đợt 768', '2025-11-17 17:21:41', 1),
(910, 6, 'export', 29.8, 0, 'Xuất kho sản xuất phiếu #769', '2025-11-12 15:34:27', 1),
(911, 5, 'import', 40, 498681, 'Nhập hàng đợt 770', '2025-12-10 22:49:17', 1),
(912, 6, 'import', 2.2, 205378, 'Nhập hàng đợt 771', '2025-11-18 10:18:51', 1),
(913, 6, 'import', 25.3, 189196, 'Nhập hàng đợt 772', '2025-11-21 10:38:46', 1),
(914, 2, 'export', 47.2, 0, 'Xuất kho sản xuất phiếu #773', '2025-11-14 16:20:15', 1),
(915, 4, 'import', 2.6, 118029, 'Nhập hàng đợt 774', '2025-11-30 06:22:32', 1),
(916, 5, 'export', 33.1, 0, 'Xuất kho sản xuất phiếu #775', '2025-11-20 11:04:51', 1),
(919, 6, 'import', 3.7, 156290, 'Nhập hàng đợt 778', '2025-12-21 06:36:08', 1),
(921, 2, 'import', 31.1, 180235, 'Nhập hàng đợt 780', '2025-12-20 11:24:41', 1),
(925, 1, 'import', 1.8, 478116, 'Nhập hàng đợt 784', '2025-12-18 07:12:31', 1),
(931, 5, 'import', 22.1, 111117, 'Nhập hàng đợt 790', '2025-12-06 05:30:45', 1),
(933, 3, 'export', 27, 0, 'Xuất kho sản xuất phiếu #792', '2025-11-16 07:03:33', 1),
(934, 3, 'export', 3.9, 0, 'Xuất kho sản xuất phiếu #793', '2025-11-26 01:07:54', 1),
(935, 3, 'export', 24, 0, 'Xuất kho sản xuất phiếu #794', '2025-12-11 03:47:34', 1),
(936, 4, 'import', 25.5, 211799, 'Nhập hàng đợt 795', '2025-11-17 14:34:32', 1),
(939, 2, 'import', 40.1, 174056, 'Nhập hàng đợt 798', '2025-11-03 13:24:27', 1),
(940, 1, 'import', 29.5, 292050, 'Nhập hàng đợt 799', '2025-12-21 04:16:46', 1),
(942, 4, 'export', 27.4, 0, 'Xuất kho sản xuất phiếu #801', '2025-12-03 05:02:53', 1),
(945, 5, 'import', 10.2, 51742, 'Nhập hàng đợt 804', '2025-11-20 17:46:41', 1),
(948, 4, 'import', 7.2, 395243, 'Nhập hàng đợt 807', '2025-11-23 04:35:07', 1),
(949, 1, 'import', 24.2, 65040, 'Nhập hàng đợt 808', '2025-11-19 14:40:39', 1),
(950, 3, 'import', 37.5, 408757, 'Nhập hàng đợt 809', '2025-11-23 18:30:17', 1),
(951, 5, 'import', 21.6, 456194, 'Nhập hàng đợt 810', '2025-11-19 17:48:06', 1),
(952, 5, 'import', 48.5, 75744, 'Nhập hàng đợt 811', '2025-11-19 05:14:54', 1),
(954, 1, 'import', 20.4, 353726, 'Nhập hàng đợt 813', '2025-11-14 05:17:03', 1),
(959, 2, 'import', 13.7, 204980, 'Nhập hàng đợt 818', '2025-11-11 17:45:50', 1),
(962, 4, 'import', 25.7, 144731, 'Nhập hàng đợt 821', '2025-11-24 08:04:29', 1),
(965, 2, 'import', 44.9, 468486, 'Nhập hàng đợt 824', '2025-12-01 12:38:51', 1),
(966, 4, 'import', 6.7, 389542, 'Nhập hàng đợt 825', '2025-11-15 19:49:41', 1),
(967, 4, 'import', 42.3, 207979, 'Nhập hàng đợt 826', '2025-11-04 21:13:09', 1),
(968, 2, 'import', 20.4, 409381, 'Nhập hàng đợt 827', '2025-12-01 12:23:14', 1),
(969, 1, 'import', 15.4, 112811, 'Nhập hàng đợt 828', '2025-11-01 04:59:15', 1),
(970, 4, 'import', 46.6, 311159, 'Nhập hàng đợt 829', '2025-12-04 05:24:43', 1),
(972, 3, 'import', 1.5, 422475, 'Nhập hàng đợt 831', '2025-12-03 05:10:25', 1),
(974, 1, 'export', 3.5, 0, 'Xuất kho sản xuất phiếu #833', '2025-12-09 23:35:34', 1),
(976, 5, 'import', 20, 229213, 'Nhập hàng đợt 835', '2025-11-04 16:34:51', 1),
(978, 6, 'export', 18.5, 0, 'Xuất kho sản xuất phiếu #837', '2025-11-03 16:53:44', 1),
(980, 3, 'import', 13, 458603, 'Nhập hàng đợt 839', '2025-11-02 21:14:23', 1),
(982, 4, 'import', 41.4, 353852, 'Nhập hàng đợt 841', '2025-11-21 10:57:39', 1),
(983, 5, 'import', 33.1, 404564, 'Nhập hàng đợt 842', '2025-11-04 10:06:01', 1),
(985, 3, 'export', 4.3, 0, 'Xuất kho sản xuất phiếu #844', '2025-11-11 03:32:41', 1),
(986, 5, 'import', 20.1, 296288, 'Nhập hàng đợt 845', '2025-12-16 12:05:28', 1),
(988, 6, 'import', 46, 162480, 'Nhập hàng đợt 847', '2025-11-25 11:01:05', 1),
(990, 1, 'import', 31.1, 129206, 'Nhập hàng đợt 849', '2025-12-12 17:18:57', 1),
(992, 5, 'export', 24.9, 0, 'Xuất kho sản xuất phiếu #851', '2025-12-12 00:10:56', 1),
(993, 6, 'import', 26.6, 331720, 'Nhập hàng đợt 852', '2025-11-10 18:43:25', 1),
(996, 5, 'import', 49.8, 279316, 'Nhập hàng đợt 855', '2025-12-07 14:38:13', 1),
(998, 2, 'import', 38.7, 119641, 'Nhập hàng đợt 857', '2025-11-01 22:09:50', 1),
(999, 5, 'import', 3.9, 466740, 'Nhập hàng đợt 858', '2025-11-03 12:48:37', 1),
(1000, 5, 'export', 36.2, 0, 'Xuất kho sản xuất phiếu #859', '2025-12-19 03:39:42', 1),
(1001, 2, 'import', 35.9, 495958, 'Nhập hàng đợt 860', '2025-11-21 19:57:39', 1),
(1002, 6, 'export', 47.7, 0, 'Xuất kho sản xuất phiếu #861', '2025-11-07 22:45:01', 1),
(1005, 6, 'import', 42.3, 241354, 'Nhập hàng đợt 864', '2025-11-26 01:37:31', 1),
(1006, 3, 'import', 31.6, 217598, 'Nhập hàng đợt 865', '2025-11-24 08:17:49', 1),
(1008, 4, 'import', 43.9, 240652, 'Nhập hàng đợt 867', '2025-11-09 04:22:40', 1),
(1010, 4, 'import', 43.3, 140550, 'Nhập hàng đợt 869', '2025-11-03 18:34:15', 1),
(1012, 2, 'import', 17.3, 465550, 'Nhập hàng đợt 871', '2025-11-29 06:26:31', 1),
(1013, 1, 'import', 17.3, 174442, 'Nhập hàng đợt 872', '2025-11-14 00:48:30', 1),
(1015, 2, 'import', 33.8, 408269, 'Nhập hàng đợt 874', '2025-11-05 20:45:13', 1),
(1016, 4, 'import', 38.1, 256429, 'Nhập hàng đợt 875', '2025-12-17 01:53:06', 1),
(1020, 6, 'import', 30.8, 199018, 'Nhập hàng đợt 879', '2025-12-12 05:01:39', 1),
(1021, 6, 'import', 24.8, 458100, 'Nhập hàng đợt 880', '2025-12-14 10:02:14', 1),
(1022, 6, 'import', 7.2, 367369, 'Nhập hàng đợt 881', '2025-11-13 14:41:22', 1),
(1023, 1, 'export', 23.6, 0, 'Xuất kho sản xuất phiếu #882', '2025-12-17 21:24:55', 1),
(1025, 5, 'import', 10.7, 466359, 'Nhập hàng đợt 884', '2025-12-11 14:30:06', 1),
(1028, 6, 'export', 49.1, 0, 'Xuất kho sản xuất phiếu #887', '2025-11-16 18:43:06', 1),
(1030, 3, 'import', 45.2, 305275, 'Nhập hàng đợt 889', '2025-12-04 15:55:50', 1),
(1031, 6, 'export', 27.9, 0, 'Xuất kho sản xuất phiếu #890', '2025-11-06 09:11:57', 1),
(1033, 1, 'export', 35.2, 0, 'Xuất kho sản xuất phiếu #892', '2025-12-04 17:01:39', 1),
(1037, 6, 'import', 24.4, 375866, 'Nhập hàng đợt 896', '2025-11-24 13:44:12', 1),
(1039, 3, 'import', 44.8, 180874, 'Nhập hàng đợt 898', '2025-11-25 08:53:45', 1),
(1041, 1, 'import', 3.4, 469905, 'Nhập hàng đợt 900', '2025-11-15 18:02:19', 1),
(1043, 5, 'import', 22.7, 153841, 'Nhập hàng đợt 902', '2025-11-21 11:14:00', 1),
(1044, 5, 'import', 33.3, 441738, 'Nhập hàng đợt 903', '2025-12-01 09:59:20', 1),
(1047, 2, 'export', 38, 0, 'Xuất kho sản xuất phiếu #906', '2025-11-19 16:25:02', 1),
(1048, 3, 'import', 19.7, 460878, 'Nhập hàng đợt 907', '2025-12-16 23:54:12', 1),
(1051, 6, 'import', 34.3, 203859, 'Nhập hàng đợt 910', '2025-11-20 05:20:10', 1),
(1052, 1, 'import', 10.6, 168316, 'Nhập hàng đợt 911', '2025-11-12 21:48:29', 1),
(1053, 2, 'import', 9.8, 173195, 'Nhập hàng đợt 912', '2025-11-30 04:15:57', 1),
(1056, 1, 'export', 33.6, 0, 'Xuất kho sản xuất phiếu #915', '2025-12-21 08:08:58', 1),
(1057, 6, 'import', 21.8, 100532, 'Nhập hàng đợt 916', '2025-11-17 00:57:59', 1),
(1059, 6, 'export', 11.8, 0, 'Xuất kho sản xuất phiếu #918', '2025-12-06 18:58:09', 1),
(1060, 3, 'import', 11.5, 360026, 'Nhập hàng đợt 919', '2025-11-09 06:02:43', 1),
(1062, 5, 'export', 2.7, 0, 'Xuất kho sản xuất phiếu #921', '2025-11-17 05:20:42', 1),
(1071, 6, 'import', 14.7, 108793, 'Nhập hàng đợt 930', '2025-12-20 01:52:04', 1),
(1075, 6, 'import', 32, 128803, 'Nhập hàng đợt 934', '2025-12-03 07:57:09', 1),
(1077, 4, 'import', 15.9, 482852, 'Nhập hàng đợt 936', '2025-11-28 08:21:51', 1),
(1078, 3, 'import', 32.5, 207748, 'Nhập hàng đợt 937', '2025-12-14 22:19:42', 1),
(1079, 5, 'export', 16.9, 0, 'Xuất kho sản xuất phiếu #938', '2025-11-03 23:06:38', 1),
(1080, 2, 'import', 39.3, 171890, 'Nhập hàng đợt 939', '2025-11-06 13:01:35', 1),
(1083, 5, 'import', 2.7, 188916, 'Nhập hàng đợt 942', '2025-11-28 13:39:24', 1),
(1095, 2, 'import', 5.6, 148996, 'Nhập hàng đợt 954', '2025-11-18 00:49:29', 1),
(1096, 3, 'import', 24.4, 52049, 'Nhập hàng đợt 955', '2025-12-11 03:51:41', 1),
(1097, 6, 'import', 2.7, 281942, 'Nhập hàng đợt 956', '2025-11-25 06:57:03', 1),
(1100, 3, 'import', 9.6, 202534, 'Nhập hàng đợt 959', '2025-12-14 10:46:23', 1),
(1103, 2, 'export', 3.2, 0, 'Xuất kho sản xuất phiếu #962', '2025-11-28 04:06:06', 1),
(1104, 6, 'import', 35, 199221, 'Nhập hàng đợt 963', '2025-11-03 15:21:04', 1),
(1105, 2, 'import', 6.3, 290515, 'Nhập hàng đợt 964', '2025-11-10 01:03:02', 1),
(1108, 3, 'import', 11.7, 279812, 'Nhập hàng đợt 967', '2025-12-08 07:46:54', 1),
(1109, 4, 'import', 21.7, 221225, 'Nhập hàng đợt 968', '2025-11-22 15:20:51', 1),
(1110, 2, 'export', 37.7, 0, 'Xuất kho sản xuất phiếu #969', '2025-11-21 06:14:04', 1),
(1111, 6, 'export', 29.5, 0, 'Xuất kho sản xuất phiếu #970', '2025-11-03 00:42:01', 1),
(1112, 6, 'import', 27.8, 497624, 'Nhập hàng đợt 971', '2025-12-20 05:27:21', 1),
(1114, 5, 'import', 23.5, 370601, 'Nhập hàng đợt 973', '2025-11-21 01:50:50', 1),
(1115, 5, 'import', 9.8, 410684, 'Nhập hàng đợt 974', '2025-12-02 07:14:49', 1),
(1116, 6, 'export', 28.5, 0, 'Xuất kho sản xuất phiếu #975', '2025-12-16 12:38:34', 1),
(1119, 2, 'import', 39.5, 219026, 'Nhập hàng đợt 978', '2025-11-03 22:48:27', 1),
(1120, 2, 'import', 41.6, 119042, 'Nhập hàng đợt 979', '2025-11-24 11:16:40', 1),
(1122, 2, 'import', 33.1, 441056, 'Nhập hàng đợt 981', '2025-12-02 06:37:11', 1),
(1124, 1, 'import', 10.7, 340652, 'Nhập hàng đợt 983', '2025-11-26 00:02:03', 1),
(1125, 4, 'export', 31, 0, 'Xuất kho sản xuất phiếu #984', '2025-11-15 18:16:15', 1),
(1126, 6, 'export', 38.9, 0, 'Xuất kho sản xuất phiếu #985', '2025-12-18 20:49:56', 1),
(1128, 3, 'import', 32.6, 118013, 'Nhập hàng đợt 987', '2025-11-04 07:16:33', 1),
(1129, 3, 'import', 49, 488650, 'Nhập hàng đợt 988', '2025-12-06 16:37:54', 1),
(1131, 5, 'import', 16, 316054, 'Nhập hàng đợt 990', '2025-11-25 02:33:24', 1),
(1136, 3, 'import', 28.3, 256434, 'Nhập hàng đợt 995', '2025-12-06 15:15:15', 1),
(1137, 3, 'import', 13.8, 322286, 'Nhập hàng đợt 996', '2025-11-08 12:17:25', 1),
(1138, 4, 'import', 23.7, 234709, 'Nhập hàng đợt 997', '2025-12-03 03:17:58', 1),
(1139, 1, 'import', 20.2, 368952, 'Nhập hàng đợt 998', '2025-12-18 22:14:33', 1),
(1140, 1, 'import', 29.9, 369215, 'Nhập hàng đợt 999', '2025-11-08 23:58:04', 1);

-- --------------------------------------------------------

--
-- Table structure for table `orders`
--

CREATE TABLE `orders` (
  `id` int(11) NOT NULL,
  `user_id` int(11) NOT NULL DEFAULT 1,
  `order_date` datetime NOT NULL DEFAULT current_timestamp(),
  `total_price` int(11) NOT NULL,
  `status` varchar(255) NOT NULL DEFAULT 'not_paid',
  `session_id` int(11) DEFAULT NULL,
  `voucher_code` varchar(50) DEFAULT NULL,
  `discount_percent` decimal(5,2) DEFAULT 0.00,
  `final_amount` decimal(10,2) DEFAULT 0.00
) ENGINE=InnoDB DEFAULT CHARSET=utf8mb4 COLLATE=utf8mb4_general_ci;

--
-- Dumping data for table `orders`
--

INSERT INTO `orders` (`id`, `user_id`, `order_date`, `total_price`, `status`, `session_id`, `voucher_code`, `discount_percent`, `final_amount`) VALUES
(1, 1, '2025-11-30 21:10:28', 0, 'not_paid', NULL, NULL, 0.00, 0.00),
(2, 1, '2025-12-07 14:17:59', 25000, 'not_paid', NULL, NULL, 0.00, 0.00),
(3, 1, '2025-12-07 14:20:16', 32000, 'not_paid', NULL, NULL, 0.00, 0.00),
(4, 1, '2025-12-07 14:27:34', 25000, 'not_paid', NULL, NULL, 0.00, 0.00),
(5, 1, '2025-12-07 14:30:47', 60000, 'not_paid', NULL, NULL, 0.00, 0.00),
(6, 1, '2025-12-11 18:15:18', 32000, 'paid', NULL, NULL, 0.00, 0.00),
(7, 1, '2025-12-11 18:39:01', 3748000, 'paid', NULL, NULL, 0.00, 0.00),
(8, 1, '2025-12-11 18:50:33', 90000, 'paid', NULL, NULL, 0.00, 0.00),
(9, 1, '2025-12-11 18:51:30', 450000, 'paid', NULL, NULL, 0.00, 0.00),
(10, 1, '2025-12-12 10:28:43', 2235000, 'paid', NULL, NULL, 0.00, 0.00),
(11, 1, '2025-12-12 10:29:44', 155000, 'paid', NULL, NULL, 0.00, 0.00),
(12, 1, '2025-12-12 10:30:16', 195000, 'paid', NULL, NULL, 0.00, 0.00),
(13, 1, '2025-12-12 10:30:33', 120000, 'paid', NULL, NULL, 0.00, 0.00),
(14, 1, '2025-12-12 10:39:33', 777000, 'paid', NULL, NULL, 0.00, 0.00),
(15, 1, '2025-12-12 10:47:35', 385000, 'paid', NULL, NULL, 0.00, 0.00),
(16, 1, '2025-12-12 11:07:07', 77000, 'paid', NULL, NULL, 0.00, 0.00),
(17, 1, '2025-12-12 11:25:10', 336000, 'paid', NULL, NULL, 0.00, 0.00),
(18, 1, '2025-12-17 20:52:56', 430000, 'paid', NULL, NULL, 0.00, 0.00),
(19, 1, '2025-12-17 20:53:28', 603000, 'paid', NULL, NULL, 0.00, 0.00),
(20, 1, '2025-12-17 22:37:26', 531000, 'paid', NULL, NULL, 0.00, 0.00),
(21, 1, '2025-12-17 22:38:00', 167000, 'paid', NULL, NULL, 0.00, 0.00),
(22, 1, '2025-12-17 22:44:08', 403000, 'paid', NULL, NULL, 0.00, 0.00),
(23, 1, '2025-12-17 22:44:21', 120000, 'paid', NULL, NULL, 0.00, 0.00),
(24, 1, '2025-12-17 22:44:26', 240000, 'paid', NULL, NULL, 0.00, 0.00),
(25, 1, '2025-12-17 22:44:37', 662000, 'paid', NULL, NULL, 0.00, 0.00),
(26, 1, '2025-12-17 22:44:43', 538000, 'paid', NULL, NULL, 0.00, 0.00),
(27, 1, '2025-12-17 22:44:50', 295000, 'paid', NULL, NULL, 0.00, 0.00),
(28, 1, '2025-12-17 22:46:45', 428000, 'paid', NULL, NULL, 0.00, 0.00),
(29, 1, '2025-12-17 22:47:22', 804000, 'paid', NULL, NULL, 0.00, 0.00),
(30, 1, '2025-12-17 22:47:30', 372000, 'paid', NULL, NULL, 0.00, 0.00),
(31, 1, '2025-12-17 22:49:29', 160000, 'paid', NULL, NULL, 0.00, 0.00),
(32, 1, '2025-12-17 22:49:50', 95000, 'paid', NULL, NULL, 0.00, 0.00),
(33, 1, '2025-12-17 22:50:10', 90000, 'paid', NULL, NULL, 0.00, 0.00),
(34, 1, '2025-12-17 22:50:40', 175000, 'paid', NULL, NULL, 0.00, 0.00),
(35, 1, '2025-12-17 22:51:28', 148000, 'paid', NULL, NULL, 0.00, 0.00),
(36, 1, '2025-12-17 22:51:39', 58000, 'paid', NULL, NULL, 0.00, 0.00),
(37, 1, '2025-12-17 22:51:50', 115000, 'paid', NULL, NULL, 0.00, 0.00),
(38, 1, '2025-12-17 22:52:08', 130000, 'paid', NULL, NULL, 0.00, 0.00),
(39, 1, '2025-12-17 22:54:56', 120000, 'paid', NULL, NULL, 0.00, 0.00),
(40, 1, '2025-12-17 22:58:55', 398000, 'paid', NULL, NULL, 0.00, 0.00),
(41, 1, '2025-12-18 08:55:24', 600000, 'paid', NULL, NULL, 0.00, 0.00),
(42, 1, '2025-12-18 09:12:43', 324000, 'paid', NULL, NULL, 0.00, 0.00),
(43, 1, '2025-12-18 09:12:47', 443000, 'paid', NULL, NULL, 0.00, 0.00),
(44, 1, '2025-12-18 09:32:34', 115000, 'paid', NULL, NULL, 0.00, 0.00),
(45, 1, '2025-12-18 03:39:06', 215000, 'paid', NULL, NULL, 0.00, 0.00),
(46, 1, '2025-12-18 03:44:01', 145000, 'paid', NULL, NULL, 0.00, 0.00),
(47, 1, '2025-12-18 03:53:57', 86000, 'paid', NULL, NULL, 0.00, 0.00),
(48, 1, '2025-12-18 04:09:32', 105000, 'paid', NULL, NULL, 0.00, 0.00),
(49, 1, '2025-12-19 16:31:16', 49000, 'paid', NULL, NULL, 0.00, 0.00),
(50, 1, '2025-12-19 17:10:40', 75000, 'paid', NULL, NULL, 0.00, 0.00),
(51, 1, '2025-12-19 17:11:05', 109000, 'paid', NULL, NULL, 0.00, 0.00),
(52, 1, '2025-12-19 17:11:38', 40000, 'paid', NULL, NULL, 0.00, 0.00),
(53, 1, '2025-12-19 17:11:53', 39000, 'paid', NULL, NULL, 0.00, 0.00),
(54, 1, '2025-12-20 14:42:45', 825000, 'paid', NULL, NULL, 0.00, 0.00),
(55, 1, '2025-12-20 14:44:40', 750000, 'paid', NULL, NULL, 0.00, 0.00),
(56, 1, '2025-12-20 17:59:59', 144000, 'paid', NULL, NULL, 0.00, 0.00),
(57, 1, '2025-12-20 18:02:04', 259000, 'paid', NULL, NULL, 0.00, 0.00),
(58, 1, '2025-12-20 18:02:13', 120000, 'paid', NULL, NULL, 0.00, 0.00),
(59, 1, '2025-12-20 18:03:22', 102000, 'paid', NULL, NULL, 0.00, 0.00),
(60, 1, '2025-12-20 18:04:33', 495000, 'paid', NULL, NULL, 0.00, 0.00),
(63, 1, '2025-12-20 18:06:03', 816000, 'paid', NULL, NULL, 0.00, 0.00),
(64, 1, '2025-12-20 18:13:14', 2847000, 'paid', NULL, NULL, 0.00, 0.00),
(66, 1, '2025-12-20 18:13:38', 1560000, 'paid', NULL, NULL, 0.00, 0.00),
(67, 1, '2025-12-20 18:14:49', 990000, 'paid', NULL, NULL, 0.00, 0.00),
(68, 1, '2025-12-20 18:15:31', 2112000, 'paid', NULL, NULL, 0.00, 0.00),
(69, 1, '2025-12-20 18:16:26', 28909000, 'paid', NULL, NULL, 0.00, 0.00),
(70, 1, '2025-12-20 18:16:33', 34459000, 'paid', NULL, NULL, 0.00, 0.00),
(72, 1, '2025-12-20 18:16:42', 28942000, 'paid', NULL, NULL, 0.00, 0.00),
(73, 1, '2025-12-20 18:20:52', 120000, 'paid', NULL, NULL, 0.00, 0.00),
(74, 1, '2025-12-20 18:23:09', 480000, 'paid', NULL, NULL, 0.00, 0.00),
(75, 1, '2025-12-20 18:23:22', 120000, 'paid', NULL, NULL, 0.00, 0.00),
(76, 1, '2025-12-20 18:23:31', 160000, 'paid', NULL, NULL, 0.00, 0.00),
(77, 1, '2025-12-20 18:23:43', 9400000, 'paid', NULL, NULL, 0.00, 0.00),
(78, 1, '2025-12-21 06:06:04', 117000, 'paid', NULL, NULL, 0.00, 0.00),
(79, 2, '2025-12-21 06:12:26', 15425000, 'paid', NULL, NULL, 0.00, 0.00),
(80, 2, '2025-12-21 06:15:04', 55000, 'paid', NULL, NULL, 0.00, 0.00),
(81, 2, '2025-12-21 06:15:32', 1340000, 'paid', NULL, NULL, 0.00, 0.00),
(82, 2, '2025-12-21 06:18:11', 39000, 'paid', NULL, NULL, 0.00, 0.00),
(83, 2, '2025-12-21 06:23:08', 78000, 'paid', NULL, NULL, 0.00, 0.00),
(84, 1, '2025-12-21 06:24:41', 160000, 'paid', NULL, NULL, 0.00, 0.00),
(85, 2, '2025-12-21 06:30:22', 39000, 'paid', NULL, NULL, 0.00, 0.00),
(89, 2, '2025-12-21 15:22:27', 156000, 'paid', NULL, NULL, 0.00, 0.00),
(90, 2, '2025-12-21 15:28:53', 39000, 'paid', NULL, NULL, 0.00, 0.00),
(91, 2, '2025-12-21 15:29:30', 40000, 'paid', NULL, NULL, 0.00, 0.00),
(92, 2, '2025-12-21 15:30:50', 39000, 'paid', NULL, NULL, 0.00, 0.00),
(93, 2, '2025-12-21 15:31:07', 40000, 'paid', NULL, NULL, 0.00, 0.00),
(94, 2, '2025-12-21 15:33:48', 40000, 'paid', NULL, NULL, 0.00, 0.00),
(95, 2, '2025-12-21 15:33:58', 40000, 'paid', NULL, NULL, 0.00, 0.00),
(96, 2, '2025-12-21 15:34:17', 39000, 'paid', NULL, NULL, 0.00, 0.00),
(97, 2, '2025-12-21 15:38:59', 39000, 'paid', NULL, NULL, 0.00, 0.00),
(98, 2, '2025-12-21 15:39:16', 39000, 'paid', NULL, NULL, 0.00, 0.00),
(99, 2, '2025-12-21 15:44:38', 40000, 'paid', NULL, NULL, 0.00, 0.00),
(100, 2, '2025-12-21 15:44:56', 40000, 'paid', NULL, NULL, 0.00, 0.00),
(101, 2, '2025-12-21 15:48:33', 40000, 'paid', NULL, NULL, 0.00, 0.00),
(102, 2, '2025-12-21 15:52:08', 40000, 'paid', NULL, NULL, 0.00, 0.00),
(103, 1, '2025-12-21 15:53:25', 55000, 'paid', NULL, NULL, 0.00, 0.00),
(104, 1, '2025-12-21 15:54:05', 175000, 'paid', NULL, NULL, 0.00, 0.00),
(105, 1, '2025-12-21 16:09:00', 165000, 'paid', NULL, NULL, 0.00, 0.00),
(106, 1, '2025-12-21 16:19:37', 275000, 'paid', 2, NULL, 0.00, 0.00),
(107, 1, '2025-12-21 16:46:03', 40000, 'paid', 3, 'ADMINVIP', 100.00, 0.00),
(108, 1, '2025-12-21 16:48:02', 55000, 'paid', 3, 'WELCOME', 10.00, 49500.00),
(109, 1, '2025-12-21 16:48:44', 102000, 'paid', 3, '', 0.00, 102000.00),
(110, 2, '2025-12-21 16:55:33', 220000, 'paid', 4, 'WELCOME', 10.00, 198000.00),
(111, 2, '2025-12-21 17:00:45', 40000, 'canceled', 4, '', 0.00, 40000.00),
(112, 2, '2025-12-21 17:01:13', 34000, 'paid', 4, 'WELCOME', 10.00, 30600.00),
(113, 1, '2025-12-21 22:19:09', 144000, 'paid', 6, '', 0.00, 144000.00),
(114, 1, '2025-12-21 22:35:44', 34000, 'paid', 6, '', 0.00, 34000.00),
(115, 1, '2025-12-21 22:36:59', 55000, 'paid', 6, '', 0.00, 55000.00),
(116, 1, '2025-12-21 22:37:36', 136000, 'paid', 6, '', 0.00, 136000.00),
(117, 1, '2025-12-21 22:45:30', 40000, 'paid', 6, '', 0.00, 40000.00),
(118, 1, '2025-12-21 22:45:56', 40000, 'paid', 6, '', 0.00, 40000.00),
(119, 1, '2025-12-21 22:46:24', 40000, 'paid', 6, '', 0.00, 40000.00);

-- --------------------------------------------------------

--
-- Table structure for table `order_items`
--

CREATE TABLE `order_items` (
  `id` int(11) NOT NULL,
  `order_id` int(11) NOT NULL,
  `product_id` int(11) NOT NULL,
  `quantity` int(11) NOT NULL,
  `note` varchar(255) DEFAULT NULL
) ENGINE=InnoDB DEFAULT CHARSET=utf8mb4 COLLATE=utf8mb4_general_ci;

--
-- Dumping data for table `order_items`
--

INSERT INTO `order_items` (`id`, `order_id`, `product_id`, `quantity`, `note`) VALUES
(1, 45, 5, 2, NULL),
(2, 45, 10, 1, NULL),
(3, 45, 4, 1, NULL),
(4, 45, 6, 1, NULL),
(5, 46, 6, 1, NULL),
(6, 46, 5, 2, NULL),
(7, 47, 1, 1, NULL),
(8, 47, 7, 1, NULL),
(9, 47, 8, 1, NULL),
(10, 48, 10, 2, NULL),
(11, 48, 2, 1, NULL),
(12, 49, 11, 1, NULL),
(13, 49, 6, 1, NULL),
(14, 50, 10, 1, NULL),
(15, 50, 9, 1, NULL),
(16, 51, 4, 1, NULL),
(17, 51, 3, 1, NULL),
(18, 51, 10, 1, NULL),
(19, 52, 4, 1, NULL),
(20, 53, 3, 1, NULL),
(21, 54, 5, 15, NULL),
(22, 55, 10, 25, NULL),
(23, 56, 6, 1, NULL),
(24, 56, 5, 2, NULL),
(25, 57, 6, 6, NULL),
(26, 57, 5, 1, NULL),
(27, 58, 10, 1, NULL),
(28, 58, 9, 2, NULL),
(29, 59, 6, 3, NULL),
(30, 60, 5, 9, NULL),
(33, 63, 6, 24, NULL),
(34, 64, 3, 73, NULL),
(36, 66, 4, 39, NULL),
(37, 67, 9, 22, NULL),
(38, 68, 8, 66, NULL),
(39, 69, 1, 1, NULL),
(40, 69, 7, 996, NULL),
(41, 70, 1, 223, NULL),
(42, 70, 7, 996, NULL),
(45, 72, 7, 998, NULL),
(46, 73, 4, 3, NULL),
(47, 74, 4, 12, NULL),
(48, 75, 4, 3, NULL),
(49, 76, 4, 4, NULL),
(50, 77, 4, 235, NULL),
(51, 78, 3, 3, NULL),
(52, 79, 4, 11, NULL),
(53, 79, 2, 333, NULL),
(54, 80, 5, 1, NULL),
(55, 81, 9, 4, NULL),
(56, 81, 7, 40, NULL),
(57, 82, 3, 1, NULL),
(58, 83, 3, 2, NULL),
(59, 84, 4, 4, NULL),
(60, 85, 3, 1, NULL),
(61, 89, 3, 4, 'Không đá'),
(62, 90, 3, 1, ''),
(63, 91, 4, 1, ''),
(64, 92, 3, 1, ''),
(65, 93, 4, 1, ''),
(66, 94, 4, 1, ''),
(67, 95, 4, 1, ''),
(68, 96, 3, 1, ''),
(69, 97, 3, 1, ''),
(70, 98, 3, 1, ''),
(71, 99, 4, 1, ''),
(72, 100, 4, 1, ''),
(73, 101, 4, 1, ''),
(74, 102, 4, 1, ''),
(75, 103, 5, 1, ''),
(76, 104, 4, 3, 'Ít đá, Mang về'),
(77, 104, 5, 1, ''),
(78, 105, 5, 3, ''),
(79, 106, 5, 5, ''),
(80, 107, 4, 1, ''),
(81, 108, 5, 1, ''),
(82, 109, 6, 3, ''),
(83, 110, 5, 4, ''),
(84, 111, 4, 1, ''),
(85, 112, 6, 1, ''),
(86, 113, 6, 1, ''),
(87, 113, 5, 2, ''),
(88, 114, 6, 1, ''),
(89, 115, 5, 1, ''),
(90, 116, 6, 4, ''),
(91, 117, 4, 1, ''),
(92, 118, 4, 1, ''),
(93, 119, 4, 1, '');

-- --------------------------------------------------------

--
-- Table structure for table `products`
--

CREATE TABLE `products` (
  `id` int(11) NOT NULL,
  `name` varchar(255) NOT NULL,
  `price` int(11) NOT NULL,
  `category_id` int(11) NOT NULL,
  `image_url` varchar(255) NOT NULL,
  `is_active` tinyint(1) NOT NULL DEFAULT 1,
  `status` tinyint(1) DEFAULT 1
) ENGINE=InnoDB DEFAULT CHARSET=utf8mb4 COLLATE=utf8mb4_general_ci;

--
-- Dumping data for table `products`
--

INSERT INTO `products` (`id`, `name`, `price`, `category_id`, `image_url`, `is_active`, `status`) VALUES
(1, 'Cà phê Đen', 25000, 1, '../assets/img/drink/ca-phe-den.jpg', 1, 1),
(2, 'Latte Đá', 45000, 1, '../assets/img/drink/latte-da.jpg', 1, 1),
(3, 'Trà Đào Cam Sả', 39000, 1, '../assets/img/drink/tra-dao-cam-sa.jpg', 1, 1),
(4, 'Nước Ép Cam', 40000, 1, '../assets/img/drink/nuoc-ep-cam.png', 1, 1),
(5, 'Sinh Tố Bơ', 55000, 1, '../assets/img/drink/sinh-to-bo.avif', 1, 1),
(6, 'Bánh Mousse ', 34000, 2, '../assets/img/food/banh-mousse-chanh-leo.png', 1, 1),
(7, 'Bánh Mì Bơ Tỏi', 29000, 2, '../assets/img/food/banh-mi-bo-toi.webp', 1, 1),
(8, 'Bánh Muffin Chocolate', 32000, 2, '../assets/img/food/banh-muffin-chocolate.jpg', 1, 1),
(9, 'Khoai Tây Chiên', 45000, 2, '../assets/img/food/khoai-tay-chien.jpg', 1, 1),
(10, 'Bánh Tiramisu', 30000, 2, '../assets/img/food/banh-tiramisu.png', 1, 1),
(11, 'banhmi', 15000, 1, 'uploads/1766027605.webp', 0, 0);

-- --------------------------------------------------------

--
-- Table structure for table `recipes`
--

CREATE TABLE `recipes` (
  `id` int(11) NOT NULL,
  `product_id` int(11) NOT NULL,
  `ingredient_id` int(11) NOT NULL,
  `quantity_required` float NOT NULL
) ENGINE=InnoDB DEFAULT CHARSET=utf8mb4 COLLATE=utf8mb4_general_ci;

--
-- Dumping data for table `recipes`
--

INSERT INTO `recipes` (`id`, `product_id`, `ingredient_id`, `quantity_required`) VALUES
(1, 1, 1, 20),
(2, 2, 1, 20),
(3, 2, 2, 150),
(4, 3, 3, 1),
(5, 3, 4, 0.5),
(6, 4, 4, 2),
(7, 5, 5, 200),
(8, 5, 2, 50),
(9, 8, 6, 100),
(10, 8, 7, 30),
(11, 9, 8, 200),
(12, 6, 6, 50),
(13, 6, 2, 100),
(14, 10, 6, 50),
(15, 10, 2, 50),
(16, 10, 1, 20),
(17, 7, 9, 1),
(18, 7, 10, 25),
(19, 7, 11, 10),
(20, 7, 12, 1),
(21, 7, 13, 15);

-- --------------------------------------------------------

--
-- Table structure for table `users`
--

CREATE TABLE `users` (
  `id` int(11) NOT NULL,
  `fullname` varchar(100) NOT NULL,
  `username` varchar(50) NOT NULL,
  `password` varchar(255) NOT NULL,
  `role` enum('admin','staff','wh-staff') NOT NULL DEFAULT 'staff',
  `status` tinyint(1) DEFAULT 1,
  `created_at` timestamp NOT NULL DEFAULT current_timestamp()
) ENGINE=InnoDB DEFAULT CHARSET=utf8mb4 COLLATE=utf8mb4_general_ci;

--
-- Dumping data for table `users`
--

INSERT INTO `users` (`id`, `fullname`, `username`, `password`, `role`, `status`, `created_at`) VALUES
(1, 'Admin', 'admin', '$2y$10$DxWZmJ0OdBN7Yp.HPXAUmusmf76YcwzMJjWF/QcIrBpqQnJtKpkPu', 'admin', 1, '2025-12-18 03:32:02'),
(2, 'Staff test', 'staff', '$2y$10$DxWZmJ0OdBN7Yp.HPXAUmusmf76YcwzMJjWF/QcIrBpqQnJtKpkPu', 'staff', 1, '2025-12-18 03:32:02'),
(3, 'Thủ kho', 'thukho', '$2y$10$DxWZmJ0OdBN7Yp.HPXAUmusmf76YcwzMJjWF/QcIrBpqQnJtKpkPu', 'wh-staff', 1, '2025-12-20 11:06:00');

-- --------------------------------------------------------

--
-- Table structure for table `work_sessions`
--

CREATE TABLE `work_sessions` (
  `id` int(11) NOT NULL,
  `user_id` int(11) NOT NULL,
  `start_time` datetime DEFAULT current_timestamp(),
  `end_time` datetime DEFAULT NULL,
  `start_cash` decimal(10,2) DEFAULT 0.00,
  `end_cash` decimal(10,2) DEFAULT 0.00,
  `total_sales` decimal(10,2) DEFAULT 0.00,
  `note` text DEFAULT NULL,
  `status` enum('open','closed') DEFAULT 'open'
) ENGINE=InnoDB DEFAULT CHARSET=utf8mb4 COLLATE=utf8mb4_general_ci;

--
-- Dumping data for table `work_sessions`
--

INSERT INTO `work_sessions` (`id`, `user_id`, `start_time`, `end_time`, `start_cash`, `end_cash`, `total_sales`, `note`, `status`) VALUES
(1, 1, '2025-12-21 16:07:55', '2025-12-21 16:08:30', 500000.00, 50000.00, 0.00, '', 'closed'),
(2, 1, '2025-12-21 16:19:18', '2025-12-21 16:20:19', 500000.00, 1500000.00, 275000.00, '', 'closed'),
(3, 1, '2025-12-21 16:36:14', '2025-12-21 16:50:24', 500000.00, 50000.00, 197000.00, '', 'closed'),
(4, 2, '2025-12-21 16:50:38', '2025-12-21 21:44:33', 50000.00, 69000.00, 254000.00, 'Hệ thống tự chốt do nhân viên mới vào ca.', 'closed'),
(5, 1, '2025-12-21 21:44:33', '2025-12-21 22:09:31', 69000.00, 50000.00, 0.00, '', 'closed'),
(6, 1, '2025-12-21 22:19:05', NULL, 50000.00, 0.00, 0.00, NULL, 'open');

--
-- Indexes for dumped tables
--

--
-- Indexes for table `categories`
--
ALTER TABLE `categories`
  ADD PRIMARY KEY (`id`);

--
-- Indexes for table `ingredients`
--
ALTER TABLE `ingredients`
  ADD PRIMARY KEY (`id`);

--
-- Indexes for table `inventory_log`
--
ALTER TABLE `inventory_log`
  ADD PRIMARY KEY (`id`),
  ADD KEY `ingredient_id` (`ingredient_id`);

--
-- Indexes for table `orders`
--
ALTER TABLE `orders`
  ADD PRIMARY KEY (`id`),
  ADD KEY `fk_order_session` (`session_id`);

--
-- Indexes for table `order_items`
--
ALTER TABLE `order_items`
  ADD PRIMARY KEY (`id`),
  ADD KEY `order_id` (`order_id`),
  ADD KEY `product_id` (`product_id`);

--
-- Indexes for table `products`
--
ALTER TABLE `products`
  ADD PRIMARY KEY (`id`),
  ADD KEY `category_id` (`category_id`);

--
-- Indexes for table `recipes`
--
ALTER TABLE `recipes`
  ADD PRIMARY KEY (`id`),
  ADD KEY `product_id` (`product_id`),
  ADD KEY `ingredient_id` (`ingredient_id`);

--
-- Indexes for table `users`
--
ALTER TABLE `users`
  ADD PRIMARY KEY (`id`),
  ADD UNIQUE KEY `username` (`username`);

--
-- Indexes for table `work_sessions`
--
ALTER TABLE `work_sessions`
  ADD PRIMARY KEY (`id`),
  ADD KEY `user_id` (`user_id`);

--
-- AUTO_INCREMENT for dumped tables
--

--
-- AUTO_INCREMENT for table `categories`
--
ALTER TABLE `categories`
  MODIFY `id` int(11) NOT NULL AUTO_INCREMENT, AUTO_INCREMENT=3;

--
-- AUTO_INCREMENT for table `ingredients`
--
ALTER TABLE `ingredients`
  MODIFY `id` int(11) NOT NULL AUTO_INCREMENT, AUTO_INCREMENT=14;

--
-- AUTO_INCREMENT for table `inventory_log`
--
ALTER TABLE `inventory_log`
  MODIFY `id` int(11) NOT NULL AUTO_INCREMENT, AUTO_INCREMENT=1142;

--
-- AUTO_INCREMENT for table `orders`
--
ALTER TABLE `orders`
  MODIFY `id` int(11) NOT NULL AUTO_INCREMENT, AUTO_INCREMENT=120;

--
-- AUTO_INCREMENT for table `order_items`
--
ALTER TABLE `order_items`
  MODIFY `id` int(11) NOT NULL AUTO_INCREMENT, AUTO_INCREMENT=94;

--
-- AUTO_INCREMENT for table `products`
--
ALTER TABLE `products`
  MODIFY `id` int(11) NOT NULL AUTO_INCREMENT, AUTO_INCREMENT=12;

--
-- AUTO_INCREMENT for table `recipes`
--
ALTER TABLE `recipes`
  MODIFY `id` int(11) NOT NULL AUTO_INCREMENT, AUTO_INCREMENT=22;

--
-- AUTO_INCREMENT for table `users`
--
ALTER TABLE `users`
  MODIFY `id` int(11) NOT NULL AUTO_INCREMENT, AUTO_INCREMENT=4;

--
-- AUTO_INCREMENT for table `work_sessions`
--
ALTER TABLE `work_sessions`
  MODIFY `id` int(11) NOT NULL AUTO_INCREMENT, AUTO_INCREMENT=7;

--
-- Constraints for dumped tables
--

--
-- Constraints for table `inventory_log`
--
ALTER TABLE `inventory_log`
  ADD CONSTRAINT `inventory_log_ibfk_1` FOREIGN KEY (`ingredient_id`) REFERENCES `ingredients` (`id`) ON DELETE CASCADE;

--
-- Constraints for table `orders`
--
ALTER TABLE `orders`
  ADD CONSTRAINT `fk_order_session` FOREIGN KEY (`session_id`) REFERENCES `work_sessions` (`id`);

--
-- Constraints for table `order_items`
--
ALTER TABLE `order_items`
  ADD CONSTRAINT `order_id` FOREIGN KEY (`order_id`) REFERENCES `orders` (`id`),
  ADD CONSTRAINT `product_id` FOREIGN KEY (`product_id`) REFERENCES `products` (`id`);

--
-- Constraints for table `products`
--
ALTER TABLE `products`
  ADD CONSTRAINT `category_id` FOREIGN KEY (`category_id`) REFERENCES `categories` (`id`);

--
-- Constraints for table `recipes`
--
ALTER TABLE `recipes`
  ADD CONSTRAINT `recipes_ibfk_1` FOREIGN KEY (`product_id`) REFERENCES `products` (`id`) ON DELETE CASCADE,
  ADD CONSTRAINT `recipes_ibfk_2` FOREIGN KEY (`ingredient_id`) REFERENCES `ingredients` (`id`) ON DELETE CASCADE;

--
-- Constraints for table `work_sessions`
--
ALTER TABLE `work_sessions`
  ADD CONSTRAINT `work_sessions_ibfk_1` FOREIGN KEY (`user_id`) REFERENCES `users` (`id`);
COMMIT;

/*!40101 SET CHARACTER_SET_CLIENT=@OLD_CHARACTER_SET_CLIENT */;
/*!40101 SET CHARACTER_SET_RESULTS=@OLD_CHARACTER_SET_RESULTS */;
/*!40101 SET COLLATION_CONNECTION=@OLD_COLLATION_CONNECTION */;
